"","pay","algorithm","sdev","n","s","rep"
"1",4,1,"0.05",10,10,1
"2",85,2,"0.05",10,10,1
"3",47,3,"0.05",10,10,1
"4",4,1,"0.1",10,10,1
"5",24,2,"0.1",10,10,1
"6",31,3,"0.1",10,10,1
"7",7.00000090028651,1,"0.5",10,10,1
"8",97.0000018005628,2,"0.5",10,10,1
"9",23,3,"0.5",10,10,1
"10",9.40517992163087,1,"1",10,10,1
"11",83.4464913682999,2,"1",10,10,1
"12",103.326320496488,3,"1",10,10,1
"13",89.2195298031238,1,"2",10,10,1
"14",110.722779816967,2,"2",10,10,1
"15",124.140552040599,3,"2",10,10,1
"16",151.372719920003,1,"5",10,10,1
"17",174.727694842653,2,"5",10,10,1
"18",148.06084618291,3,"5",10,10,1
"19",243.896426297458,1,"10",10,10,1
"20",242.623632802153,2,"10",10,10,1
"21",238.005734940875,3,"10",10,10,1
"22",58,1,"0.05",10,10,2
"23",58,2,"0.05",10,10,2
"24",82,3,"0.05",10,10,2
"25",58,1,"0.1",10,10,2
"26",58,2,"0.1",10,10,2
"27",142,3,"0.1",10,10,2
"28",59.2181085317488,1,"0.5",10,10,2
"29",69.0080514406755,2,"0.5",10,10,2
"30",142,3,"0.5",10,10,2
"31",66.5192991940719,1,"1",10,10,2
"32",89.3582924029642,2,"1",10,10,2
"33",124.323495664631,3,"1",10,10,2
"34",90.358558224043,1,"2",10,10,2
"35",90.5047676935112,2,"2",10,10,2
"36",145.800621340216,3,"2",10,10,2
"37",124.905783552287,1,"5",10,10,2
"38",140.341650643584,2,"5",10,10,2
"39",111.192185192848,3,"5",10,10,2
"40",190.921908397366,1,"10",10,10,2
"41",198.104144831038,2,"10",10,10,2
"42",178.32133819053,3,"10",10,10,2
"43",49,1,"0.05",10,10,3
"44",121,2,"0.05",10,10,3
"45",120,3,"0.05",10,10,3
"46",49,1,"0.1",10,10,3
"47",58,2,"0.1",10,10,3
"48",120,3,"0.1",10,10,3
"49",50.2180175738634,1,"0.5",10,10,3
"50",49.5974230478567,2,"0.5",10,10,3
"51",121.003120052431,3,"0.5",10,10,3
"52",52.3007245595376,1,"1",10,10,3
"53",70.4646173853288,2,"1",10,10,3
"54",129.690058450972,3,"1",10,10,3
"55",55.8387184522552,1,"2",10,10,3
"56",132.053408980939,2,"2",10,10,3
"57",144.915084192454,3,"2",10,10,3
"58",143.764905603641,1,"5",10,10,3
"59",118.837208701383,2,"5",10,10,3
"60",155.92238191941,3,"5",10,10,3
"61",176.62441499986,1,"10",10,10,3
"62",192.413683900568,2,"10",10,10,3
"63",161.245580941386,3,"10",10,10,3
"64",8,1,"0.05",10,10,4
"65",21,2,"0.05",10,10,4
"66",83,3,"0.05",10,10,4
"67",8,1,"0.1",10,10,4
"68",25,2,"0.1",10,10,4
"69",65,3,"0.1",10,10,4
"70",8.17255676010101,1,"0.5",10,10,4
"71",26.4930499056611,2,"0.5",10,10,4
"72",19.0552823792943,3,"0.5",10,10,4
"73",13.1486505167559,1,"1",10,10,4
"74",62.7129633620974,2,"1",10,10,4
"75",47.7982840267613,3,"1",10,10,4
"76",32.5450231695612,1,"2",10,10,4
"77",77.7520414486284,2,"2",10,10,4
"78",76.7630407015286,3,"2",10,10,4
"79",77.9245409590521,1,"5",10,10,4
"80",98.362437553017,2,"5",10,10,4
"81",57.2980230354881,3,"5",10,10,4
"82",108.944344412786,1,"10",10,10,4
"83",121.586557720678,2,"10",10,10,4
"84",89.0090328383028,3,"10",10,10,4
"85",13,1,"0.05",10,10,5
"86",39,2,"0.05",10,10,5
"87",128,3,"0.05",10,10,5
"88",16,1,"0.1",10,10,5
"89",32,2,"0.1",10,10,5
"90",132,3,"0.1",10,10,5
"91",32.4652513396966,1,"0.5",10,10,5
"92",76.3470304718771,2,"0.5",10,10,5
"93",126.715601593283,3,"0.5",10,10,5
"94",49.0071504478617,1,"1",10,10,5
"95",109.405966625332,2,"1",10,10,5
"96",132.136291622123,3,"1",10,10,5
"97",75.1046378895087,1,"2",10,10,5
"98",138.984376486114,2,"2",10,10,5
"99",134.420065089203,3,"2",10,10,5
"100",128.24255070475,1,"5",10,10,5
"101",155.776995648937,2,"5",10,10,5
"102",156.496304244835,3,"5",10,10,5
"103",163.200004846135,1,"10",10,10,5
"104",166.213733558276,2,"10",10,10,5
"105",155.235614789544,3,"10",10,10,5
"106",35,1,"0.05",10,10,6
"107",51,2,"0.05",10,10,6
"108",240,3,"0.05",10,10,6
"109",36,1,"0.1",10,10,6
"110",41,2,"0.1",10,10,6
"111",219,3,"0.1",10,10,6
"112",35.0044066577722,1,"0.5",10,10,6
"113",36.7597228257728,2,"0.5",10,10,6
"114",265.760700660353,3,"0.5",10,10,6
"115",37.0371728357436,1,"1",10,10,6
"116",81.4675180990889,2,"1",10,10,6
"117",164.918439184022,3,"1",10,10,6
"118",80.2545593032815,1,"2",10,10,6
"119",223.570766184356,2,"2",10,10,6
"120",136.36289515125,3,"2",10,10,6
"121",366.704889733053,1,"5",10,10,6
"122",432.568114632518,2,"5",10,10,6
"123",426.193374356112,3,"5",10,10,6
"124",528.114756707226,1,"10",10,10,6
"125",528.114756707226,2,"10",10,10,6
"126",492.456660726337,3,"10",10,10,6
"127",11,1,"0.05",10,10,7
"128",56,2,"0.05",10,10,7
"129",52,3,"0.05",10,10,7
"130",10,1,"0.1",10,10,7
"131",51,2,"0.1",10,10,7
"132",89,3,"0.1",10,10,7
"133",8.40609664957447,1,"0.5",10,10,7
"134",55.6014005303314,2,"0.5",10,10,7
"135",89.0000009002814,3,"0.5",10,10,7
"136",8.90300986719496,1,"1",10,10,7
"137",37.8539231253247,2,"1",10,10,7
"138",89.1490023854495,3,"1",10,10,7
"139",14.263627828193,1,"2",10,10,7
"140",58.9770695383253,2,"2",10,10,7
"141",46.8201911302785,3,"2",10,10,7
"142",61.0393551733654,1,"5",10,10,7
"143",126.887937336577,2,"5",10,10,7
"144",81.1028099031256,3,"5",10,10,7
"145",130.219714426461,1,"10",10,10,7
"146",145.905948757552,2,"10",10,10,7
"147",133.365159912606,3,"10",10,10,7
"148",19,1,"0.05",10,10,8
"149",36,2,"0.05",10,10,8
"150",19,3,"0.05",10,10,8
"151",19,1,"0.1",10,10,8
"152",34,2,"0.1",10,10,8
"153",18,3,"0.1",10,10,8
"154",19.0000000164892,1,"0.5",10,10,8
"155",17.6766764182442,2,"0.5",10,10,8
"156",38.0366312777775,3,"0.5",10,10,8
"157",25.7737800990572,1,"1",10,10,8
"158",18.661174713005,2,"1",10,10,8
"159",52.6916946719328,3,"1",10,10,8
"160",25.5788282331306,1,"2",10,10,8
"161",25.4981002937836,2,"2",10,10,8
"162",50.188289406813,3,"2",10,10,8
"163",52.4688876103901,1,"5",10,10,8
"164",77.1973948659673,2,"5",10,10,8
"165",83.2546485592342,3,"5",10,10,8
"166",100.015872831506,1,"10",10,10,8
"167",101.231524780244,2,"10",10,10,8
"168",98.8696999135786,3,"10",10,10,8
"169",4,1,"0.05",10,10,9
"170",21,2,"0.05",10,10,9
"171",49,3,"0.05",10,10,9
"172",32,1,"0.1",10,10,9
"173",32,2,"0.1",10,10,9
"174",97,3,"0.1",10,10,9
"175",32.553762012644,1,"0.5",10,10,9
"176",41.1631070884359,2,"0.5",10,10,9
"177",131,3,"0.5",10,10,9
"178",56.4770509762623,1,"1",10,10,9
"179",39.617497613846,2,"1",10,10,9
"180",15.0000000125015,3,"1",10,10,9
"181",105.819795874646,1,"2",10,10,9
"182",102.968155840593,2,"2",10,10,9
"183",122.512237216532,3,"2",10,10,9
"184",144.52299033209,1,"5",10,10,9
"185",160.909167657862,2,"5",10,10,9
"186",161.393386398475,3,"5",10,10,9
"187",171.463520174341,1,"10",10,10,9
"188",185.178620008395,2,"10",10,10,9
"189",153.670720520845,3,"10",10,10,9
"190",13,1,"0.05",10,10,10
"191",66,2,"0.05",10,10,10
"192",85,3,"0.05",10,10,10
"193",13,1,"0.1",10,10,10
"194",75,2,"0.1",10,10,10
"195",13,3,"0.1",10,10,10
"196",16.0090574909534,1,"0.5",10,10,10
"197",71.6776786390211,2,"0.5",10,10,10
"198",85.6766764161831,3,"0.5",10,10,10
"199",29.12235184216,1,"1",10,10,10
"200",89.4637846010447,2,"1",10,10,10
"201",89.1362916775022,3,"1",10,10,10
"202",34.1967456607498,1,"2",10,10,10
"203",84.3697920201544,2,"2",10,10,10
"204",108.435606885423,3,"2",10,10,10
"205",107.431477700833,1,"5",10,10,10
"206",141.348280454978,2,"5",10,10,10
"207",106.098265227025,3,"5",10,10,10
"208",137.199455162302,1,"10",10,10,10
"209",163.713632556633,2,"10",10,10,10
"210",127.96348041564,3,"10",10,10,10
"211",32,1,"0.05",10,10,11
"212",64,2,"0.05",10,10,11
"213",56,3,"0.05",10,10,11
"214",40,1,"0.1",10,10,11
"215",65,2,"0.1",10,10,11
"216",38,3,"0.1",10,10,11
"217",16.3739649588869,1,"0.5",10,10,11
"218",24.8120117283933,2,"0.5",10,10,11
"219",56.1353358619758,3,"0.5",10,10,11
"220",33.9055250592676,1,"1",10,10,11
"221",32.824211436758,2,"1",10,10,11
"222",23.1887261646893,3,"1",10,10,11
"223",91.202845463903,1,"2",10,10,11
"224",38.3342432676077,2,"2",10,10,11
"225",71.6577722384538,3,"2",10,10,11
"226",99.9551361137035,1,"5",10,10,11
"227",99.7722361902734,2,"5",10,10,11
"228",120.753660216065,3,"5",10,10,11
"229",149.044230159622,1,"10",10,10,11
"230",159.548880654456,2,"10",10,10,11
"231",130.550360582992,3,"10",10,10,11
"232",8,1,"0.05",10,10,12
"233",39,2,"0.05",10,10,12
"234",53,3,"0.05",10,10,12
"235",8,1,"0.1",10,10,12
"236",41,2,"0.1",10,10,12
"237",55,3,"0.1",10,10,12
"238",8.13597088637563,1,"0.5",10,10,12
"239",41.0404285900142,2,"0.5",10,10,12
"240",78.493049467371,3,"0.5",10,10,12
"241",27.2647015525789,1,"1",10,10,12
"242",63.3104697739945,2,"1",10,10,12
"243",59.9880036577692,3,"1",10,10,12
"244",38.3064790902899,1,"2",10,10,12
"245",95.1896923109057,2,"2",10,10,12
"246",82.1680416276362,3,"2",10,10,12
"247",84.4725205516254,1,"5",10,10,12
"248",123.283011630335,2,"5",10,10,12
"249",122.997183719379,3,"5",10,10,12
"250",114.076301955405,1,"10",10,10,12
"251",134.277395055911,2,"10",10,10,12
"252",128.669823301356,3,"10",10,10,12
"253",54,1,"0.05",10,10,13
"254",106,2,"0.05",10,10,13
"255",170,3,"0.05",10,10,13
"256",27,1,"0.1",10,10,13
"257",95,2,"0.1",10,10,13
"258",172,3,"0.1",10,10,13
"259",54.0053055447747,1,"0.5",10,10,13
"260",97.0221413524814,2,"0.5",10,10,13
"261",195.000670940486,3,"0.5",10,10,13
"262",42.4097057795396,1,"1",10,10,13
"263",135.639811612587,2,"1",10,10,13
"264",135.236917895824,3,"1",10,10,13
"265",88.6085109332227,1,"2",10,10,13
"266",187.818950912571,2,"2",10,10,13
"267",178.613682713743,3,"2",10,10,13
"268",187.016285934162,1,"5",10,10,13
"269",243.96240668924,2,"5",10,10,13
"270",232.208354725351,3,"5",10,10,13
"271",285.782459290311,1,"10",10,10,13
"272",288.799324736091,2,"10",10,10,13
"273",241.217221837037,3,"10",10,10,13
"274",68,1,"0.05",10,10,14
"275",97,2,"0.05",10,10,14
"276",156,3,"0.05",10,10,14
"277",35,1,"0.1",10,10,14
"278",73,2,"0.1",10,10,14
"279",156,3,"0.1",10,10,14
"280",68.0060387258277,1,"0.5",10,10,14
"281",86.5413411329465,2,"0.5",10,10,14
"282",116,3,"0.5",10,10,14
"283",52.4978345059897,1,"1",10,10,14
"284",137.031023541034,2,"1",10,10,14
"285",156,3,"1",10,10,14
"286",56.6900795649991,1,"2",10,10,14
"287",155.244795570583,2,"2",10,10,14
"288",156,3,"2",10,10,14
"289",118.61862554079,1,"5",10,10,14
"290",154.013797809581,2,"5",10,10,14
"291",157.565154997826,3,"5",10,10,14
"292",162.535580647983,1,"10",10,10,14
"293",164.843124157399,2,"10",10,10,14
"294",158.525944436979,3,"10",10,10,14
"295",3,1,"0.05",10,10,15
"296",130,2,"0.05",10,10,15
"297",222,3,"0.05",10,10,15
"298",19,1,"0.1",10,10,15
"299",14,2,"0.1",10,10,15
"300",224,3,"0.1",10,10,15
"301",4.52396540134889,1,"0.5",10,10,15
"302",39.5566084818985,2,"0.5",10,10,15
"303",199.000000112535,3,"0.5",10,10,15
"304",20.1643956197395,1,"1",10,10,15
"305",145.255513509871,2,"1",10,10,15
"306",193.011108996561,3,"1",10,10,15
"307",115.790816740197,1,"2",10,10,15
"308",185.08406351058,2,"2",10,10,15
"309",208.005199394179,3,"2",10,10,15
"310",209.953141668224,1,"5",10,10,15
"311",241.109111732211,2,"5",10,10,15
"312",241.090115590894,3,"5",10,10,15
"313",265.324904226592,1,"10",10,10,15
"314",272.375786996434,2,"10",10,10,15
"315",234.423386805061,3,"10",10,10,15
"316",40,1,"0.05",10,10,16
"317",83,2,"0.05",10,10,16
"318",67,3,"0.05",10,10,16
"319",51,1,"0.1",10,10,16
"320",51,2,"0.1",10,10,16
"321",86,3,"0.1",10,10,16
"322",42.3012446142766,1,"0.5",10,10,16
"323",40.2726677690535,2,"0.5",10,10,16
"324",55.0000005330493,3,"0.5",10,10,16
"325",48.4099079388547,1,"1",10,10,16
"326",41.0001778711031,2,"1",10,10,16
"327",93.0000086911933,3,"1",10,10,16
"328",100.424690402739,1,"2",10,10,16
"329",85.573126319001,2,"2",10,10,16
"330",88.8610960035897,3,"2",10,10,16
"331",136.022557106562,1,"5",10,10,16
"332",129.481431970109,2,"5",10,10,16
"333",101.815130377415,3,"5",10,10,16
"334",151.034450039748,1,"10",10,10,16
"335",162.373378286996,2,"10",10,10,16
"336",130.224201773174,3,"10",10,10,16
"337",14,1,"0.05",10,10,17
"338",17,2,"0.05",10,10,17
"339",26,3,"0.05",10,10,17
"340",14,1,"0.1",10,10,17
"341",14,2,"0.1",10,10,17
"342",13,3,"0.1",10,10,17
"343",14.4076405835001,1,"0.5",10,10,17
"344",16.3190163706971,2,"0.5",10,10,17
"345",54,3,"0.5",10,10,17
"346",14.0543116786509,1,"1",10,10,17
"347",17.8847018917291,2,"1",10,10,17
"348",51.9968438036974,3,"1",10,10,17
"349",45.559196027782,1,"2",10,10,17
"350",62.486227707382,2,"2",10,10,17
"351",53.4964644749706,3,"2",10,10,17
"352",84.4402150819326,1,"5",10,10,17
"353",102.116227150161,2,"5",10,10,17
"354",72.8879482396115,3,"5",10,10,17
"355",123.696546766188,1,"10",10,10,17
"356",124.756586771217,2,"10",10,10,17
"357",70.7083567438767,3,"10",10,10,17
"358",37,1,"0.05",10,10,18
"359",37,2,"0.05",10,10,18
"360",143,3,"0.05",10,10,18
"361",40,1,"0.1",10,10,18
"362",74,2,"0.1",10,10,18
"363",71,3,"0.1",10,10,18
"364",37.9473474884481,1,"0.5",10,10,18
"365",46.8174033598005,2,"0.5",10,10,18
"366",107.00000001523,3,"0.5",10,10,18
"367",54.1766397126095,1,"1",10,10,18
"368",82.1519606337163,2,"1",10,10,18
"369",71.0000007789949,3,"1",10,10,18
"370",39.1111628898695,1,"2",10,10,18
"371",47.773622198902,2,"2",10,10,18
"372",143.339789884702,3,"2",10,10,18
"373",129.470044377051,1,"5",10,10,18
"374",155.949670680948,2,"5",10,10,18
"375",102.151944811309,3,"5",10,10,18
"376",182.748774745874,1,"10",10,10,18
"377",193.328535335719,2,"10",10,10,18
"378",166.908007638896,3,"10",10,10,18
"379",22,1,"0.05",10,10,19
"380",20,2,"0.05",10,10,19
"381",47,3,"0.05",10,10,19
"382",22,1,"0.1",10,10,19
"383",21,2,"0.1",10,10,19
"384",47,3,"0.1",10,10,19
"385",20.8123748988884,1,"0.5",10,10,19
"386",25.8120116994197,2,"0.5",10,10,19
"387",44.8120123746307,3,"0.5",10,10,19
"388",20.513070483463,1,"1",10,10,19
"389",28.6392628932035,2,"1",10,10,19
"390",47.6391839582758,3,"1",10,10,19
"391",33.4168779228095,1,"2",10,10,19
"392",44.1668828083265,2,"2",10,10,19
"393",38.3044617159051,3,"2",10,10,19
"394",55.5713446276634,1,"5",10,10,19
"395",65.5619306280002,2,"5",10,10,19
"396",68.0250207010987,3,"5",10,10,19
"397",82.1256642989489,1,"10",10,10,19
"398",86.2732488156906,2,"10",10,10,19
"399",70.9811977408318,3,"10",10,10,19
"400",26,1,"0.05",10,10,20
"401",109,2,"0.05",10,10,20
"402",91,3,"0.05",10,10,20
"403",25,1,"0.1",10,10,20
"404",36,2,"0.1",10,10,20
"405",26,3,"0.1",10,10,20
"406",25.0026837010232,1,"0.5",10,10,20
"407",91.0000000000002,2,"0.5",10,10,20
"408",92.4060058497098,3,"0.5",10,10,20
"409",37.0200091634002,1,"1",10,10,20
"410",49.4421749700105,2,"1",10,10,20
"411",103.000136199789,3,"1",10,10,20
"412",71.1573078768049,1,"2",10,10,20
"413",112.353951235268,2,"2",10,10,20
"414",119.840702564828,3,"2",10,10,20
"415",123.321328321559,1,"5",10,10,20
"416",137.96216572,2,"5",10,10,20
"417",49.1740584692633,3,"5",10,10,20
"418",162.247169796844,1,"10",10,10,20
"419",163.737413187476,2,"10",10,10,20
"420",153.826614757777,3,"10",10,10,20
"421",13,1,"0.05",10,10,21
"422",72,2,"0.05",10,10,21
"423",77,3,"0.05",10,10,21
"424",13,1,"0.1",10,10,21
"425",73,2,"0.1",10,10,21
"426",121,3,"0.1",10,10,21
"427",13.1361524819877,1,"0.5",10,10,21
"428",86.0000000000256,2,"0.5",10,10,21
"429",106.270670566473,3,"0.5",10,10,21
"430",13.7407554820814,1,"1",10,10,21
"431",72.0000974294433,2,"1",10,10,21
"432",110,3,"1",10,10,21
"433",36.9683786602784,1,"2",10,10,21
"434",87.0253698837069,2,"2",10,10,21
"435",128.493173794015,3,"2",10,10,21
"436",82.0676535156091,1,"5",10,10,21
"437",121.90278336549,2,"5",10,10,21
"438",138.457616376303,3,"5",10,10,21
"439",121.323043030655,1,"10",10,10,21
"440",149.742734162885,2,"10",10,10,21
"441",114.937466218262,3,"10",10,10,21
"442",38,1,"0.05",10,10,22
"443",97,2,"0.05",10,10,22
"444",133,3,"0.05",10,10,22
"445",38,1,"0.1",10,10,22
"446",75,2,"0.1",10,10,22
"447",96,3,"0.1",10,10,22
"448",34.000000000281,1,"0.5",10,10,22
"449",61.6541888471778,2,"0.5",10,10,22
"450",90.0090575366433,3,"0.5",10,10,22
"451",30.2841191014866,1,"1",10,10,22
"452",80.9524558398427,2,"1",10,10,22
"453",132.033330716268,3,"1",10,10,22
"454",49.0080788384193,1,"2",10,10,22
"455",115.970857297774,2,"2",10,10,22
"456",140.27541188706,3,"2",10,10,22
"457",180.923684157339,1,"5",10,10,22
"458",212.59314628694,2,"5",10,10,22
"459",183.378216158319,3,"5",10,10,22
"460",242.545084080675,1,"10",10,10,22
"461",245.397273937399,2,"10",10,10,22
"462",223.960194447036,3,"10",10,10,22
"463",12,1,"0.05",10,10,23
"464",38,2,"0.05",10,10,23
"465",102,3,"0.05",10,10,23
"466",6,1,"0.1",10,10,23
"467",29,2,"0.1",10,10,23
"468",119,3,"0.1",10,10,23
"469",6.81201169941968,1,"0.5",10,10,23
"470",35.7893879306252,2,"0.5",10,10,23
"471",102.512837888885,3,"0.5",10,10,23
"472",33.0556855857499,1,"1",10,10,23
"473",50.1400215602375,2,"1",10,10,23
"474",114.138531970827,3,"1",10,10,23
"475",38.1787487984096,1,"2",10,10,23
"476",115.776325876242,2,"2",10,10,23
"477",123.824455596465,3,"2",10,10,23
"478",89.4360044808068,1,"5",10,10,23
"479",156.927959085103,2,"5",10,10,23
"480",136.094525249764,3,"5",10,10,23
"481",162.029872863999,1,"10",10,10,23
"482",163.518084928081,2,"10",10,10,23
"483",146.920443643794,3,"10",10,10,23
"484",37,1,"0.05",10,10,24
"485",58,2,"0.05",10,10,24
"486",79,3,"0.05",10,10,24
"487",37,1,"0.1",10,10,24
"488",60,2,"0.1",10,10,24
"489",126,3,"0.1",10,10,24
"490",37.3533528797727,1,"0.5",10,10,24
"491",58.0000000000004,2,"0.5",10,10,24
"492",40.003354626279,3,"0.5",10,10,24
"493",44.2636001520611,1,"1",10,10,24
"494",83.9620916107722,2,"1",10,10,24
"495",35.4634912019795,3,"1",10,10,24
"496",46.4662751461248,1,"2",10,10,24
"497",140.92484033441,2,"2",10,10,24
"498",143.626218346418,3,"2",10,10,24
"499",114.601223154905,1,"5",10,10,24
"500",134.086706502459,2,"5",10,10,24
"501",132.587249721699,3,"5",10,10,24
"502",170.284570606885,1,"10",10,10,24
"503",172.395377221051,2,"10",10,10,24
"504",131.74383396555,3,"10",10,10,24
"505",86,1,"0.05",10,10,25
"506",190,2,"0.05",10,10,25
"507",190,3,"0.05",10,10,25
"508",145,1,"0.1",10,10,25
"509",148,2,"0.1",10,10,25
"510",199,3,"0.1",10,10,25
"511",145.201880739679,1,"0.5",10,10,25
"512",172.00000036552,2,"0.5",10,10,25
"513",172.40600598678,3,"0.5",10,10,25
"514",98.7435010749277,1,"1",10,10,25
"515",149.812545221846,2,"1",10,10,25
"516",196.134048417283,3,"1",10,10,25
"517",166.720706068569,1,"2",10,10,25
"518",190.415187540237,2,"2",10,10,25
"519",196.19648015871,3,"2",10,10,25
"520",161.215424758313,1,"5",10,10,25
"521",244.300638539977,2,"5",10,10,25
"522",267.304597550101,3,"5",10,10,25
"523",219.395784400984,1,"10",10,10,25
"524",290.380217655717,2,"10",10,10,25
"525",214.391276530691,3,"10",10,10,25
"526",13,1,"0.05",10,10,26
"527",51,2,"0.05",10,10,26
"528",164,3,"0.05",10,10,26
"529",13,1,"0.1",10,10,26
"530",52,2,"0.1",10,10,26
"531",164,3,"0.1",10,10,26
"532",18.8999438360265,1,"0.5",10,10,26
"533",52.1332527683956,2,"0.5",10,10,26
"534",102,3,"0.5",10,10,26
"535",13.9520214829475,1,"1",10,10,26
"536",71.7265333786383,2,"1",10,10,26
"537",169.213061319425,3,"1",10,10,26
"538",145.447176206155,1,"2",10,10,26
"539",145.377676089742,2,"2",10,10,26
"540",182.223315350203,3,"2",10,10,26
"541",171.261594056696,1,"5",10,10,26
"542",254.3699773346,2,"5",10,10,26
"543",97.7290825859528,3,"5",10,10,26
"544",293.480968798798,1,"10",10,10,26
"545",295.651398912978,2,"10",10,10,26
"546",222.211867884159,3,"10",10,10,26
"547",53,1,"0.05",10,10,27
"548",53,2,"0.05",10,10,27
"549",110,3,"0.05",10,10,27
"550",54,1,"0.1",10,10,27
"551",53,2,"0.1",10,10,27
"552",111,3,"0.1",10,10,27
"553",53.424748088809,1,"0.5",10,10,27
"554",86.1843502037903,2,"0.5",10,10,27
"555",104.01912136979,3,"0.5",10,10,27
"556",85.1875732899383,1,"1",10,10,27
"557",109.10378377522,2,"1",10,10,27
"558",162.24652471322,3,"1",10,10,27
"559",136.942115811995,1,"2",10,10,27
"560",116.61863221615,2,"2",10,10,27
"561",115.654679534747,3,"2",10,10,27
"562",240.593844737683,1,"5",10,10,27
"563",240.593844737683,2,"5",10,10,27
"564",201.27395553858,3,"5",10,10,27
"565",291.616259149372,1,"10",10,10,27
"566",298.767774610321,2,"10",10,10,27
"567",270.971056584549,3,"10",10,10,27
"568",61,1,"0.05",10,10,28
"569",84,2,"0.05",10,10,28
"570",144,3,"0.05",10,10,28
"571",96,1,"0.1",10,10,28
"572",96,2,"0.1",10,10,28
"573",90,3,"0.1",10,10,28
"574",96.0073826621982,1,"0.5",10,10,28
"575",99.9250883263979,2,"0.5",10,10,28
"576",129.000002263388,3,"0.5",10,10,28
"577",100.849540101205,1,"1",10,10,28
"578",90.6802795932975,2,"1",10,10,28
"579",142.087360263175,3,"1",10,10,28
"580",132.331237413884,1,"2",10,10,28
"581",147.489277597366,2,"2",10,10,28
"582",162.02084650214,3,"2",10,10,28
"583",212.998288507859,1,"5",10,10,28
"584",216.975892512227,2,"5",10,10,28
"585",116.92670218757,3,"5",10,10,28
"586",232.328337311046,1,"10",10,10,28
"587",272.225458591181,2,"10",10,10,28
"588",216.420287412958,3,"10",10,10,28
"589",25,1,"0.05",10,10,29
"590",101,2,"0.05",10,10,29
"591",169,3,"0.05",10,10,29
"592",25,1,"0.1",10,10,29
"593",140,2,"0.1",10,10,29
"594",169,3,"0.1",10,10,29
"595",78.9132524856486,1,"0.5",10,10,29
"596",140.021469608186,2,"0.5",10,10,29
"597",214,3,"0.5",10,10,29
"598",84.1747917542651,1,"1",10,10,29
"599",144.046912358884,2,"1",10,10,29
"600",214.001974602555,3,"1",10,10,29
"601",48.5320180584484,1,"2",10,10,29
"602",217.18051063605,2,"2",10,10,29
"603",99.1849533436351,3,"2",10,10,29
"604",213.879052305131,1,"5",10,10,29
"605",237.287960871212,2,"5",10,10,29
"606",171.62369596469,3,"5",10,10,29
"607",260.307168203141,1,"10",10,10,29
"608",260.307168203141,2,"10",10,10,29
"609",199.765537945343,3,"10",10,10,29
"610",22,1,"0.05",10,10,30
"611",14,2,"0.05",10,10,30
"612",74,3,"0.05",10,10,30
"613",12,1,"0.1",10,10,30
"614",33,2,"0.1",10,10,30
"615",48,3,"0.1",10,10,30
"616",9.0370399097278,1,"0.5",10,10,30
"617",31.5187181865708,2,"0.5",10,10,30
"618",113,3,"0.5",10,10,30
"619",13.8050376773998,1,"1",10,10,30
"620",25.5328112650971,2,"1",10,10,30
"621",102.769797152751,3,"1",10,10,30
"622",30.3613360476098,1,"2",10,10,30
"623",67.7311769371123,2,"2",10,10,30
"624",100.000000900281,3,"2",10,10,30
"625",106.251036387846,1,"5",10,10,30
"626",114.868414113889,2,"5",10,10,30
"627",108.066665471554,3,"5",10,10,30
"628",150.978854139949,1,"10",10,10,30
"629",152.913415577874,2,"10",10,10,30
"630",114.153769389199,3,"10",10,10,30
"631",6,1,"0.05",10,10,31
"632",42,2,"0.05",10,10,31
"633",35,3,"0.05",10,10,31
"634",6,1,"0.1",10,10,31
"635",23,2,"0.1",10,10,31
"636",48,3,"0.1",10,10,31
"637",6.40614210727785,1,"0.5",10,10,31
"638",43.7776743209749,2,"0.5",10,10,31
"639",26.9270171436442,3,"0.5",10,10,31
"640",42.7543985842122,1,"1",10,10,31
"641",62.3497526911537,2,"1",10,10,31
"642",63.5136931255327,3,"1",10,10,31
"643",42.1646356840881,1,"2",10,10,31
"644",66.8490649378944,2,"2",10,10,31
"645",49.5642618624337,3,"2",10,10,31
"646",94.1065363144049,1,"5",10,10,31
"647",97.6011974006855,2,"5",10,10,31
"648",97.9445997272235,3,"5",10,10,31
"649",102.077516858023,1,"10",10,10,31
"650",113.36671002089,2,"10",10,10,31
"651",77.2197739541661,3,"10",10,10,31
"652",36,1,"0.05",10,10,32
"653",117,2,"0.05",10,10,32
"654",110,3,"0.05",10,10,32
"655",36,1,"0.1",10,10,32
"656",144,2,"0.1",10,10,32
"657",180,3,"0.1",10,10,32
"658",17.0074075054185,1,"0.5",10,10,32
"659",12.01275061831,2,"0.5",10,10,32
"660",151.270715966403,3,"0.5",10,10,32
"661",61.4416344113397,1,"1",10,10,32
"662",40.366448987176,2,"1",10,10,32
"663",145.772842409411,3,"1",10,10,32
"664",80.2318745934,1,"2",10,10,32
"665",144.286948521868,2,"2",10,10,32
"666",158.590060928788,3,"2",10,10,32
"667",152.489564391945,1,"5",10,10,32
"668",198.745659117379,2,"5",10,10,32
"669",72.6074805586226,3,"5",10,10,32
"670",197.932946790388,1,"10",10,10,32
"671",240.373421380016,2,"10",10,10,32
"672",205.992281693013,3,"10",10,10,32
"673",16,1,"0.05",10,10,33
"674",94,2,"0.05",10,10,33
"675",84,3,"0.05",10,10,33
"676",90,1,"0.1",10,10,33
"677",90,2,"0.1",10,10,33
"678",150,3,"0.1",10,10,33
"679",98.7550505521702,1,"0.5",10,10,33
"680",102.175063910863,2,"0.5",10,10,33
"681",150.362249548663,3,"0.5",10,10,33
"682",46.5975477038845,1,"1",10,10,33
"683",131.255807937391,2,"1",10,10,33
"684",125.128209871643,3,"1",10,10,33
"685",129.490817965281,1,"2",10,10,33
"686",152.642587574379,2,"2",10,10,33
"687",57.451445839732,3,"2",10,10,33
"688",148.091129384643,1,"5",10,10,33
"689",189.453718393105,2,"5",10,10,33
"690",82.1676029466696,3,"5",10,10,33
"691",194.073585066023,1,"10",10,10,33
"692",203.341696448948,2,"10",10,10,33
"693",116.066233974898,3,"10",10,10,33
"694",14,1,"0.05",10,10,34
"695",49,2,"0.05",10,10,34
"696",125,3,"0.05",10,10,34
"697",38,1,"0.1",10,10,34
"698",80,2,"0.1",10,10,34
"699",91,3,"0.1",10,10,34
"700",14.9839821815347,1,"0.5",10,10,34
"701",80.000228209458,2,"0.5",10,10,34
"702",138.135335283237,3,"0.5",10,10,34
"703",13.7920398836949,1,"1",10,10,34
"704",80.6698624740833,2,"1",10,10,34
"705",104.080841793289,3,"1",10,10,34
"706",86.5758693789797,1,"2",10,10,34
"707",112.1932645795,2,"2",10,10,34
"708",114.326769721564,3,"2",10,10,34
"709",165.149667331258,1,"5",10,10,34
"710",194.490624348939,2,"5",10,10,34
"711",126.034340474087,3,"5",10,10,34
"712",221.333337397604,1,"10",10,10,34
"713",259.944820203096,2,"10",10,10,34
"714",214.112029079842,3,"10",10,10,34
"715",13,1,"0.05",10,10,35
"716",69,2,"0.05",10,10,35
"717",78,3,"0.05",10,10,35
"718",12,1,"0.1",10,10,35
"719",19,2,"0.1",10,10,35
"720",94,3,"0.1",10,10,35
"721",15.0000050708417,1,"0.5",10,10,35
"722",69.0083865656977,2,"0.5",10,10,35
"723",56.0016783259561,3,"0.5",10,10,35
"724",23.4767346950273,1,"1",10,10,35
"725",56.3887510584542,2,"1",10,10,35
"726",56.8415172271016,3,"1",10,10,35
"727",38.6673098701547,1,"2",10,10,35
"728",76.1049322161245,2,"2",10,10,35
"729",55.5182155545605,3,"2",10,10,35
"730",112.980172647363,1,"5",10,10,35
"731",113.663946053037,2,"5",10,10,35
"732",97.7818443277284,3,"5",10,10,35
"733",129.452889689736,1,"10",10,10,35
"734",128.824930485913,2,"10",10,10,35
"735",111.789887380952,3,"10",10,10,35
"736",12,1,"0.05",10,10,36
"737",130,2,"0.05",10,10,36
"738",170,3,"0.05",10,10,36
"739",12,1,"0.1",10,10,36
"740",131,2,"0.1",10,10,36
"741",169,3,"0.1",10,10,36
"742",14.3144538953016,1,"0.5",10,10,36
"743",147.000004613942,2,"0.5",10,10,36
"744",87.0003354626279,3,"0.5",10,10,36
"745",23.0683649426234,1,"1",10,10,36
"746",129.624131130919,2,"1",10,10,36
"747",87.5205509488887,3,"1",10,10,36
"748",84.4727417312486,1,"2",10,10,36
"749",165.549361646453,2,"2",10,10,36
"750",58.2417490939769,3,"2",10,10,36
"751",181.612422980774,1,"5",10,10,36
"752",202.45382045724,2,"5",10,10,36
"753",89.9297219131544,3,"5",10,10,36
"754",225.864211841092,1,"10",10,10,36
"755",227.522002516896,2,"10",10,10,36
"756",99.4608361467016,3,"10",10,10,36
"757",15,1,"0.05",10,10,37
"758",79,2,"0.05",10,10,37
"759",105,3,"0.05",10,10,37
"760",15,1,"0.1",10,10,37
"761",86,2,"0.1",10,10,37
"762",92,3,"0.1",10,10,37
"763",18.6723713247277,1,"0.5",10,10,37
"764",74.6906866260102,2,"0.5",10,10,37
"765",107.165364531786,3,"0.5",10,10,37
"766",93.9014462277226,1,"1",10,10,37
"767",97.0232804122359,2,"1",10,10,37
"768",107.426828334641,3,"1",10,10,37
"769",30.396811414606,1,"2",10,10,37
"770",109.780870911119,2,"2",10,10,37
"771",147.136154154319,3,"2",10,10,37
"772",144.164922665324,1,"5",10,10,37
"773",153.903882680506,2,"5",10,10,37
"774",147.229901781235,3,"5",10,10,37
"775",159.62971364673,1,"10",10,10,37
"776",188.657856128443,2,"10",10,10,37
"777",185.825371378243,3,"10",10,10,37
"778",18,1,"0.05",10,10,38
"779",42,2,"0.05",10,10,38
"780",26,3,"0.05",10,10,38
"781",5,1,"0.1",10,10,38
"782",30,2,"0.1",10,10,38
"783",55,3,"0.1",10,10,38
"784",5.1709446246221,1,"0.5",10,10,38
"785",25.2014736032787,2,"0.5",10,10,38
"786",50.2014720277761,3,"0.5",10,10,38
"787",18.4152167312321,1,"1",10,10,38
"788",30.9415440915014,2,"1",10,10,38
"789",64.9413678183576,3,"1",10,10,38
"790",52.6027714184149,1,"2",10,10,38
"791",45.6009548387653,2,"2",10,10,38
"792",77.6246594082305,3,"2",10,10,38
"793",90.0548661611348,1,"5",10,10,38
"794",98.4242255775792,2,"5",10,10,38
"795",74.0403476871076,3,"5",10,10,38
"796",119.756063757754,1,"10",10,10,38
"797",143.352758340638,2,"10",10,10,38
"798",126.020917658766,3,"10",10,10,38
"799",20,1,"0.05",10,10,39
"800",24,2,"0.05",10,10,39
"801",150,3,"0.05",10,10,39
"802",22,1,"0.1",10,10,39
"803",39,2,"0.1",10,10,39
"804",65,3,"0.1",10,10,39
"805",22.0000015754927,1,"0.5",10,10,39
"806",26.0120783426333,2,"0.5",10,10,39
"807",31.0003358002335,3,"0.5",10,10,39
"808",19.0922314318946,1,"1",10,10,39
"809",44.1308053222537,2,"1",10,10,39
"810",66.7319587954772,3,"1",10,10,39
"811",19.5022951980563,1,"2",10,10,39
"812",84.2213440513415,2,"2",10,10,39
"813",35.5409595811891,3,"2",10,10,39
"814",137.946804767534,1,"5",10,10,39
"815",137.329730639297,2,"5",10,10,39
"816",127.664236578158,3,"5",10,10,39
"817",158.452000557893,1,"10",10,10,39
"818",180.842429776073,2,"10",10,10,39
"819",175.697803467804,3,"10",10,10,39
"820",31,1,"0.05",10,10,40
"821",44,2,"0.05",10,10,40
"822",123,3,"0.05",10,10,40
"823",31,1,"0.1",10,10,40
"824",71,2,"0.1",10,10,40
"825",113,3,"0.1",10,10,40
"826",34.763946480721,1,"0.5",10,10,40
"827",71.1283442779999,2,"0.5",10,10,40
"828",84.0026837010232,3,"0.5",10,10,40
"829",42.3443270353382,1,"1",10,10,40
"830",96.1555680434114,2,"1",10,10,40
"831",80.6413198538087,3,"1",10,10,40
"832",51.2176579099895,1,"2",10,10,40
"833",174.491995825322,2,"2",10,10,40
"834",131.22716044006,3,"2",10,10,40
"835",136.337062926784,1,"5",10,10,40
"836",227.315156631458,2,"5",10,10,40
"837",193.288860926192,3,"5",10,10,40
"838",248.720458456101,1,"10",10,10,40
"839",249.039756582658,2,"10",10,10,40
"840",185.783354115293,3,"10",10,10,40
"841",13,1,"0.05",10,10,41
"842",39,2,"0.05",10,10,41
"843",79,3,"0.05",10,10,41
"844",13,1,"0.1",10,10,41
"845",39,2,"0.1",10,10,41
"846",84,3,"0.1",10,10,41
"847",13.0000001125352,1,"0.5",10,10,41
"848",35.7141111733431,2,"0.5",10,10,41
"849",34.0005906864463,3,"0.5",10,10,41
"850",21.8056518513078,1,"1",10,10,41
"851",84.012533347802,2,"1",10,10,41
"852",15.1647828917343,3,"1",10,10,41
"853",30.2292199293996,1,"2",10,10,41
"854",82.859174533977,2,"2",10,10,41
"855",63.0418026205076,3,"2",10,10,41
"856",108.011304361855,1,"5",10,10,41
"857",147.396134954949,2,"5",10,10,41
"858",110.009666427412,3,"5",10,10,41
"859",190.611111582869,1,"10",10,10,41
"860",193.606449828284,2,"10",10,10,41
"861",157.13382056994,3,"10",10,10,41
"862",5,1,"0.05",10,10,42
"863",8,2,"0.05",10,10,42
"864",51,3,"0.05",10,10,42
"865",5,1,"0.1",10,10,42
"866",11,2,"0.1",10,10,42
"867",24,3,"0.1",10,10,42
"868",22.4890059151264,1,"0.5",10,10,42
"869",41.9493597584237,2,"0.5",10,10,42
"870",16.1353353441565,3,"0.5",10,10,42
"871",5.22579462131215,1,"1",10,10,42
"872",52.7825412401299,2,"1",10,10,42
"873",55.5368280884653,3,"1",10,10,42
"874",11.1811910997244,1,"2",10,10,42
"875",29.5981232735306,2,"2",10,10,42
"876",50.260378949508,3,"2",10,10,42
"877",52.6668507041063,1,"5",10,10,42
"878",61.0450839514812,2,"5",10,10,42
"879",38.7444323377784,3,"5",10,10,42
"880",71.6707989760354,1,"10",10,10,42
"881",81.827330456805,2,"10",10,10,42
"882",72.7621098344767,3,"10",10,10,42
"883",60,1,"0.05",10,10,43
"884",79,2,"0.05",10,10,43
"885",76,3,"0.05",10,10,43
"886",38,1,"0.1",10,10,43
"887",53,2,"0.1",10,10,43
"888",72,3,"0.1",10,10,43
"889",45.000726877873,1,"0.5",10,10,43
"890",74.9613544916392,2,"0.5",10,10,43
"891",80,3,"0.5",10,10,43
"892",46.3168302792389,1,"1",10,10,43
"893",84.0939539569767,2,"1",10,10,43
"894",85.5360164722287,3,"1",10,10,43
"895",69.0320859158255,1,"2",10,10,43
"896",111.737825557122,2,"2",10,10,43
"897",95.5644109031348,3,"2",10,10,43
"898",122.102007863363,1,"5",10,10,43
"899",143.290915476897,2,"5",10,10,43
"900",95.1740872337662,3,"5",10,10,43
"901",142.928999273047,1,"10",10,10,43
"902",159.695734941181,2,"10",10,10,43
"903",156.061194969178,3,"10",10,10,43
"904",48,1,"0.05",10,10,44
"905",65,2,"0.05",10,10,44
"906",94,3,"0.05",10,10,44
"907",48,1,"0.1",10,10,44
"908",61,2,"0.1",10,10,44
"909",57,3,"0.1",10,10,44
"910",49.2183807485676,1,"0.5",10,10,44
"911",51.0543931339367,2,"0.5",10,10,44
"912",95.1399775334896,3,"0.5",10,10,44
"913",60.0214272066865,1,"1",10,10,44
"914",70.6617377958824,2,"1",10,10,44
"915",81.1539867223588,3,"1",10,10,44
"916",85.4036232614188,1,"2",10,10,44
"917",111.671890102176,2,"2",10,10,44
"918",119.882195917901,3,"2",10,10,44
"919",143.661993134246,1,"5",10,10,44
"920",166.279875460869,2,"5",10,10,44
"921",143.231716801591,3,"5",10,10,44
"922",141.434337560364,1,"10",10,10,44
"923",182.591238715079,2,"10",10,10,44
"924",143.318619332638,3,"10",10,10,44
"925",84,1,"0.05",10,10,45
"926",86,2,"0.05",10,10,45
"927",143,3,"0.05",10,10,45
"928",84,1,"0.1",10,10,45
"929",109,2,"0.1",10,10,45
"930",114,3,"0.1",10,10,45
"931",85.7705489600899,1,"0.5",10,10,45
"932",107.001886649669,2,"0.5",10,10,45
"933",91.9247234270815,3,"0.5",10,10,45
"934",84.0043528707466,1,"1",10,10,45
"935",93.2302100426828,2,"1",10,10,45
"936",130.262743992294,3,"1",10,10,45
"937",87.061468589418,1,"2",10,10,45
"938",123.23398739746,2,"2",10,10,45
"939",159.732342702618,3,"2",10,10,45
"940",159.415920643036,1,"5",10,10,45
"941",176.258188911782,2,"5",10,10,45
"942",170.876100226243,3,"5",10,10,45
"943",190.541960282207,1,"10",10,10,45
"944",206.593679001903,2,"10",10,10,45
"945",145.848097674149,3,"10",10,10,45
"946",6,1,"0.05",10,10,46
"947",28,2,"0.05",10,10,46
"948",119,3,"0.05",10,10,46
"949",6,1,"0.1",10,10,46
"950",77,2,"0.1",10,10,46
"951",83,3,"0.1",10,10,46
"952",7.35335285297766,1,"0.5",10,10,46
"953",40.788900986303,2,"0.5",10,10,46
"954",125,3,"0.5",10,10,46
"955",10.1537308360766,1,"1",10,10,46
"956",90.229920698266,2,"1",10,10,46
"957",124.11648755642,3,"1",10,10,46
"958",34.4907185902159,1,"2",10,10,46
"959",119.929272230419,2,"2",10,10,46
"960",146.282907286164,3,"2",10,10,46
"961",92.2125314899286,1,"5",10,10,46
"962",169.568901841558,2,"5",10,10,46
"963",96.8028225473914,3,"5",10,10,46
"964",145.465909106965,1,"10",10,10,46
"965",188.308089343271,2,"10",10,10,46
"966",105.063684859443,3,"10",10,10,46
"967",108,1,"0.05",10,10,47
"968",108,2,"0.05",10,10,47
"969",139,3,"0.05",10,10,47
"970",71,1,"0.1",10,10,47
"971",108,2,"0.1",10,10,47
"972",125,3,"0.1",10,10,47
"973",72.4313681168825,1,"0.5",10,10,47
"974",138.018315882671,2,"0.5",10,10,47
"975",144.000671168935,3,"0.5",10,10,47
"976",85.8169127627172,1,"1",10,10,47
"977",120.30854199962,2,"1",10,10,47
"978",125.679915787513,3,"1",10,10,47
"979",108.262514085405,1,"2",10,10,47
"980",139.054576801203,2,"2",10,10,47
"981",137.469291676828,3,"2",10,10,47
"982",171.027547019927,1,"5",10,10,47
"983",173.885443370628,2,"5",10,10,47
"984",118.888880004765,3,"5",10,10,47
"985",198.253612565632,1,"10",10,10,47
"986",199.016557978735,2,"10",10,10,47
"987",180.876301870141,3,"10",10,10,47
"988",18,1,"0.05",10,10,48
"989",53,2,"0.05",10,10,48
"990",89,3,"0.05",10,10,48
"991",20,1,"0.1",10,10,48
"992",21,2,"0.1",10,10,48
"993",102,3,"0.1",10,10,48
"994",24.257181219278,1,"0.5",10,10,48
"995",20.0117443429615,2,"0.5",10,10,48
"996",70.0023482383953,3,"0.5",10,10,48
"997",20.3601325689565,1,"1",10,10,48
"998",29.322811779802,2,"1",10,10,48
"999",104.947346982656,3,"1",10,10,48
"1000",57.2961516687906,1,"2",10,10,48
"1001",98.4229005308503,2,"2",10,10,48
"1002",74.3531680799104,3,"2",10,10,48
"1003",97.9688895362305,1,"5",10,10,48
"1004",133.674008273993,2,"5",10,10,48
"1005",137.583967540031,3,"5",10,10,48
"1006",169.005187888764,1,"10",10,10,48
"1007",164.714971041274,2,"10",10,10,48
"1008",140.554039431173,3,"10",10,10,48
"1009",24,1,"0.05",10,10,49
"1010",96,2,"0.05",10,10,49
"1011",88,3,"0.05",10,10,49
"1012",78,1,"0.1",10,10,49
"1013",42,2,"0.1",10,10,49
"1014",95,3,"0.1",10,10,49
"1015",23.1105347215177,1,"0.5",10,10,49
"1016",89.0183157454986,2,"0.5",10,10,49
"1017",88.0000001125353,3,"0.5",10,10,49
"1018",22.4927089796844,1,"1",10,10,49
"1019",42.890866451697,2,"1",10,10,49
"1020",88.022005952866,3,"1",10,10,49
"1021",49.2645559146414,1,"2",10,10,49
"1022",83.5964833381231,2,"2",10,10,49
"1023",89.8863724284154,3,"2",10,10,49
"1024",148.40647598485,1,"5",10,10,49
"1025",164.846884320592,2,"5",10,10,49
"1026",150.583838055506,3,"5",10,10,49
"1027",209.601066456084,1,"10",10,10,49
"1028",209.601066456084,2,"10",10,10,49
"1029",142.652563732098,3,"10",10,10,49
"1030",6,1,"0.05",10,10,50
"1031",16,2,"0.05",10,10,50
"1032",43,3,"0.05",10,10,50
"1033",7,1,"0.1",10,10,50
"1034",48,2,"0.1",10,10,50
"1035",56,3,"0.1",10,10,50
"1036",4.00828824030487,1,"0.5",10,10,50
"1037",39.0026837010232,2,"0.5",10,10,50
"1038",20.0026843466077,3,"0.5",10,10,50
"1039",13.7110499131023,1,"1",10,10,50
"1040",34.7313591815687,2,"1",10,10,50
"1041",33.2555368164176,3,"1",10,10,50
"1042",37.5601856290161,1,"2",10,10,50
"1043",44.6905555557735,2,"2",10,10,50
"1044",66.7902557927154,3,"2",10,10,50
"1045",80.6194608278642,1,"5",10,10,50
"1046",79.2517743874744,2,"5",10,10,50
"1047",56.7273004670516,3,"5",10,10,50
"1048",99.8308028142178,1,"10",10,10,50
"1049",99.8381499478929,2,"10",10,10,50
"1050",78.7174915632358,3,"10",10,10,50
"1051",57,1,"0.05",10,10,51
"1052",65,2,"0.05",10,10,51
"1053",109,3,"0.05",10,10,51
"1054",57,1,"0.1",10,10,51
"1055",70,2,"0.1",10,10,51
"1056",129,3,"0.1",10,10,51
"1057",57.1098938456993,1,"0.5",10,10,51
"1058",59.1407563950996,2,"0.5",10,10,51
"1059",165.017108594023,3,"0.5",10,10,51
"1060",68.3092886099665,1,"1",10,10,51
"1061",82.3566470417103,2,"1",10,10,51
"1062",173.902099445077,3,"1",10,10,51
"1063",106.091525294585,1,"2",10,10,51
"1064",129.622734393077,2,"2",10,10,51
"1065",165.679599922694,3,"2",10,10,51
"1066",208.379011282076,1,"5",10,10,51
"1067",248.032107810454,2,"5",10,10,51
"1068",216.97482359887,3,"5",10,10,51
"1069",300.126852410744,1,"10",10,10,51
"1070",300.126852410744,2,"10",10,10,51
"1071",247.911105081376,3,"10",10,10,51
"1072",5,1,"0.05",10,10,52
"1073",22,2,"0.05",10,10,52
"1074",43,3,"0.05",10,10,52
"1075",5,1,"0.1",10,10,52
"1076",10,2,"0.1",10,10,52
"1077",32,3,"0.1",10,10,52
"1078",5.27067056647402,1,"0.5",10,10,52
"1079",23.8720701985792,2,"0.5",10,10,52
"1080",46.6240233988394,3,"0.5",10,10,52
"1081",6.24511546992127,1,"1",10,10,52
"1082",55.0124152682173,2,"1",10,10,52
"1083",65.2404972699713,3,"1",10,10,52
"1084",22.2601827616057,1,"2",10,10,52
"1085",83.2381010833974,2,"2",10,10,52
"1086",31.4069497362756,3,"2",10,10,52
"1087",105.120866568469,1,"5",10,10,52
"1088",109.23960483406,2,"5",10,10,52
"1089",99.8012362281537,3,"5",10,10,52
"1090",155.728723470951,1,"10",10,10,52
"1091",158.40524048373,2,"10",10,10,52
"1092",103.157075979123,3,"10",10,10,52
"1093",14,1,"0.05",10,10,53
"1094",62,2,"0.05",10,10,53
"1095",45,3,"0.05",10,10,53
"1096",14,1,"0.1",10,10,53
"1097",30,2,"0.1",10,10,53
"1098",53,3,"0.1",10,10,53
"1099",14.0000012399481,1,"0.5",10,10,53
"1100",31.0001815997753,2,"0.5",10,10,53
"1101",96,3,"0.5",10,10,53
"1102",25.6458594865163,1,"1",10,10,53
"1103",53.1852881972239,2,"1",10,10,53
"1104",53.0013575078451,3,"1",10,10,53
"1105",15.8755446808545,1,"2",10,10,53
"1106",90.1541458460985,2,"2",10,10,53
"1107",47.1824636263454,3,"2",10,10,53
"1108",80.9146435503862,1,"5",10,10,53
"1109",108.810023628237,2,"5",10,10,53
"1110",113.954733838844,3,"5",10,10,53
"1111",139.364124844425,1,"10",10,10,53
"1112",148.161409506403,2,"10",10,10,53
"1113",108.638649254562,3,"10",10,10,53
"1114",20,1,"0.05",10,10,54
"1115",73,2,"0.05",10,10,54
"1116",83,3,"0.05",10,10,54
"1117",20,1,"0.1",10,10,54
"1118",68,2,"0.1",10,10,54
"1119",147,3,"0.1",10,10,54
"1120",20.1536512599914,1,"0.5",10,10,54
"1121",72.2638249877113,2,"0.5",10,10,54
"1122",147.25641894458,3,"0.5",10,10,54
"1123",23.1636847177527,1,"1",10,10,54
"1124",99.0313515230421,2,"1",10,10,54
"1125",109.190912487945,3,"1",10,10,54
"1126",45.7312044688466,1,"2",10,10,54
"1127",123.922584279055,2,"2",10,10,54
"1128",47.5590135773258,3,"2",10,10,54
"1129",136.688553111285,1,"5",10,10,54
"1130",196.559640121695,2,"5",10,10,54
"1131",190.445947046776,3,"5",10,10,54
"1132",242.05037252755,1,"10",10,10,54
"1133",242.555594553098,2,"10",10,10,54
"1134",140.893001015894,3,"10",10,10,54
"1135",63,1,"0.05",10,10,55
"1136",49,2,"0.05",10,10,55
"1137",67,3,"0.05",10,10,55
"1138",62,1,"0.1",10,10,55
"1139",47,2,"0.1",10,10,55
"1140",153,3,"0.1",10,10,55
"1141",12.575145264276,1,"0.5",10,10,55
"1142",47.0288497880761,2,"0.5",10,10,55
"1143",92.0000000000001,3,"0.5",10,10,55
"1144",75.3055450922275,1,"1",10,10,55
"1145",59.1712910771663,2,"1",10,10,55
"1146",153.002411557057,3,"1",10,10,55
"1147",99.6178904522604,1,"2",10,10,55
"1148",138.341530975544,2,"2",10,10,55
"1149",126.358680417526,3,"2",10,10,55
"1150",171.522210030427,1,"5",10,10,55
"1151",206.418751006968,2,"5",10,10,55
"1152",127.034756470544,3,"5",10,10,55
"1153",219.966637838108,1,"10",10,10,55
"1154",221.542452842986,2,"10",10,10,55
"1155",196.447883812781,3,"10",10,10,55
"1156",12,1,"0.05",10,10,56
"1157",27,2,"0.05",10,10,56
"1158",154,3,"0.05",10,10,56
"1159",12,1,"0.1",10,10,56
"1160",30,2,"0.1",10,10,56
"1161",157,3,"0.1",10,10,56
"1162",9.51855678241592,1,"0.5",10,10,56
"1163",13.1814420068016,2,"0.5",10,10,56
"1164",59.0196574894003,3,"0.5",10,10,56
"1165",28.6031573830741,1,"1",10,10,56
"1166",17.6823843891459,2,"1",10,10,56
"1167",33.2143400464759,3,"1",10,10,56
"1168",53.2344795352829,1,"2",10,10,56
"1169",83.6446408377285,2,"2",10,10,56
"1170",67.5903262446105,3,"2",10,10,56
"1171",157.249947457641,1,"5",10,10,56
"1172",179.520577738703,2,"5",10,10,56
"1173",100.041691801999,3,"5",10,10,56
"1174",212.137094258776,1,"10",10,10,56
"1175",212.137094258776,2,"10",10,10,56
"1176",124.300198089526,3,"10",10,10,56
"1177",17,1,"0.05",10,10,57
"1178",112,2,"0.05",10,10,57
"1179",57,3,"0.05",10,10,57
"1180",16,1,"0.1",10,10,57
"1181",115,2,"0.1",10,10,57
"1182",109,3,"0.1",10,10,57
"1183",14.6565326520019,1,"0.5",10,10,57
"1184",143,2,"0.5",10,10,57
"1185",18.0006717476747,3,"0.5",10,10,57
"1186",101.595843239659,1,"1",10,10,57
"1187",126.828926892742,2,"1",10,10,57
"1188",92.3110212891255,3,"1",10,10,57
"1189",56.9214665123913,1,"2",10,10,57
"1190",164.13982090092,2,"2",10,10,57
"1191",126.704689128203,3,"2",10,10,57
"1192",202.682406864382,1,"5",10,10,57
"1193",203.453904568179,2,"5",10,10,57
"1194",191.25561983251,3,"5",10,10,57
"1195",239.673224684069,1,"10",10,10,57
"1196",253.302815272691,2,"10",10,10,57
"1197",156.95260526091,3,"10",10,10,57
"1198",23,1,"0.05",10,10,58
"1199",26,2,"0.05",10,10,58
"1200",125,3,"0.05",10,10,58
"1201",23,1,"0.1",10,10,58
"1202",83,2,"0.1",10,10,58
"1203",126,3,"0.1",10,10,58
"1204",28.9051861670557,1,"0.5",10,10,58
"1205",55.0000009179211,2,"0.5",10,10,58
"1206",109.294690307923,3,"0.5",10,10,58
"1207",52.6309586507721,1,"1",10,10,58
"1208",65.8462893077309,2,"1",10,10,58
"1209",77.7970944114766,3,"1",10,10,58
"1210",51.8431569803905,1,"2",10,10,58
"1211",118.058561366765,2,"2",10,10,58
"1212",123.978657152633,3,"2",10,10,58
"1213",142.141025739301,1,"5",10,10,58
"1214",165.289536232332,2,"5",10,10,58
"1215",174.049869674395,3,"5",10,10,58
"1216",190.403155290732,1,"10",10,10,58
"1217",194.247930062742,2,"10",10,10,58
"1218",96.362101192305,3,"10",10,10,58
"1219",15,1,"0.05",10,10,59
"1220",25,2,"0.05",10,10,59
"1221",50,3,"0.05",10,10,59
"1222",23,1,"0.1",10,10,59
"1223",23,2,"0.1",10,10,59
"1224",62,3,"0.1",10,10,59
"1225",15.1356531116011,1,"0.5",10,10,59
"1226",23.548096689095,2,"0.5",10,10,59
"1227",86.0000000913799,3,"0.5",10,10,59
"1228",40.1333521362531,1,"1",10,10,59
"1229",30.8419038308681,2,"1",10,10,59
"1230",11.524190607482,3,"1",10,10,59
"1231",66.7359224285379,1,"2",10,10,59
"1232",92.906403417811,2,"2",10,10,59
"1233",49.6065791589336,3,"2",10,10,59
"1234",90.2474370050043,1,"5",10,10,59
"1235",124.345991694667,2,"5",10,10,59
"1236",87.4599559844356,3,"5",10,10,59
"1237",148.005625449238,1,"10",10,10,59
"1238",147.534972000714,2,"10",10,10,59
"1239",114.712814044508,3,"10",10,10,59
"1240",23,1,"0.05",10,10,60
"1241",36,2,"0.05",10,10,60
"1242",82,3,"0.05",10,10,60
"1243",36,1,"0.1",10,10,60
"1244",36,2,"0.1",10,10,60
"1245",107,3,"0.1",10,10,60
"1246",23.1846546319149,1,"0.5",10,10,60
"1247",28.1909882834292,2,"0.5",10,10,60
"1248",74.1282094722211,3,"0.5",10,10,60
"1249",26.6815596685755,1,"1",10,10,60
"1250",58.3609012482369,2,"1",10,10,60
"1251",74,3,"1",10,10,60
"1252",54.9922529563846,1,"2",10,10,60
"1253",101.324200286646,2,"2",10,10,60
"1254",73.0935710631599,3,"2",10,10,60
"1255",109.61717666295,1,"5",10,10,60
"1256",130.569878903294,2,"5",10,10,60
"1257",130.177292594979,3,"5",10,10,60
"1258",142.531719179103,1,"10",10,10,60
"1259",161.77104199809,2,"10",10,10,60
"1260",146.201921092062,3,"10",10,10,60
"1261",36,1,"0.05",10,10,61
"1262",44,2,"0.05",10,10,61
"1263",103,3,"0.05",10,10,61
"1264",34,1,"0.1",10,10,61
"1265",31,2,"0.1",10,10,61
"1266",93,3,"0.1",10,10,61
"1267",35.4902317823792,1,"0.5",10,10,61
"1268",43.0097284162093,2,"0.5",10,10,61
"1269",93,3,"0.5",10,10,61
"1270",41.4110785937536,1,"1",10,10,61
"1271",88.6204451500653,2,"1",10,10,61
"1272",103.00000001523,3,"1",10,10,61
"1273",73.6001714073485,1,"2",10,10,61
"1274",62.4458033109073,2,"2",10,10,61
"1275",104.80278591372,3,"2",10,10,61
"1276",119.305537377662,1,"5",10,10,61
"1277",133.231005222782,2,"5",10,10,61
"1278",145.05328952725,3,"5",10,10,61
"1279",172.446927840245,1,"10",10,10,61
"1280",172.446927840245,2,"10",10,10,61
"1281",160.465265357411,3,"10",10,10,61
"1282",71,1,"0.05",10,10,62
"1283",70,2,"0.05",10,10,62
"1284",123,3,"0.05",10,10,62
"1285",71,1,"0.1",10,10,62
"1286",82,2,"0.1",10,10,62
"1287",146,3,"0.1",10,10,62
"1288",71.0919165829862,1,"0.5",10,10,62
"1289",92.6934519108168,2,"0.5",10,10,62
"1290",96.007045390397,3,"0.5",10,10,62
"1291",74.4883144051536,1,"1",10,10,62
"1292",82.4821978823155,2,"1",10,10,62
"1293",129.000740514249,3,"1",10,10,62
"1294",94.5757628193318,1,"2",10,10,62
"1295",130.973763306886,2,"2",10,10,62
"1296",111.294971698024,3,"2",10,10,62
"1297",179.732002122941,1,"5",10,10,62
"1298",195.205800497549,2,"5",10,10,62
"1299",201.970980888794,3,"5",10,10,62
"1300",237.207934862613,1,"10",10,10,62
"1301",238.855671607993,2,"10",10,10,62
"1302",145.335403580073,3,"10",10,10,62
"1303",31,1,"0.05",10,10,63
"1304",97,2,"0.05",10,10,63
"1305",148,3,"0.05",10,10,63
"1306",31,1,"0.1",10,10,63
"1307",103,2,"0.1",10,10,63
"1308",147,3,"0.1",10,10,63
"1309",32.0826822659542,1,"0.5",10,10,63
"1310",98.2564189444425,2,"0.5",10,10,63
"1311",147,3,"0.5",10,10,63
"1312",36.4526743707481,1,"1",10,10,63
"1313",111.088256447357,2,"1",10,10,63
"1314",92.7468678788811,3,"1",10,10,63
"1315",54.1592835117647,1,"2",10,10,63
"1316",109.395943763996,2,"2",10,10,63
"1317",97.919023986908,3,"2",10,10,63
"1318",99.4622821368393,1,"5",10,10,63
"1319",156.43823182342,2,"5",10,10,63
"1320",124.99745308903,3,"5",10,10,63
"1321",188.582898276245,1,"10",10,10,63
"1322",204.420449452933,2,"10",10,10,63
"1323",164.248775014156,3,"10",10,10,63
"1324",14,1,"0.05",10,10,64
"1325",26,2,"0.05",10,10,64
"1326",155,3,"0.05",10,10,64
"1327",16,1,"0.1",10,10,64
"1328",31,2,"0.1",10,10,64
"1329",140,3,"0.1",10,10,64
"1330",52.8430499871245,1,"0.5",10,10,64
"1331",43.538803120576,2,"0.5",10,10,64
"1332",111.000000337606,3,"0.5",10,10,64
"1333",20.1069082418256,1,"1",10,10,64
"1334",34.7895631054342,2,"1",10,10,64
"1335",111.099980968844,3,"1",10,10,64
"1336",138.354761074227,1,"2",10,10,64
"1337",111.886532475762,2,"2",10,10,64
"1338",124.39444017349,3,"2",10,10,64
"1339",162.382396264458,1,"5",10,10,64
"1340",153.627616266494,2,"5",10,10,64
"1341",180.867248988962,3,"5",10,10,64
"1342",211.855573759978,1,"10",10,10,64
"1343",232.048797868,2,"10",10,10,64
"1344",205.303321337661,3,"10",10,10,64
"1345",22,1,"0.05",10,10,65
"1346",94,2,"0.05",10,10,65
"1347",74,3,"0.05",10,10,65
"1348",22,1,"0.1",10,10,65
"1349",96,2,"0.1",10,10,65
"1350",74,3,"0.1",10,10,65
"1351",22.2711245658219,1,"0.5",10,10,65
"1352",78.0130831550234,2,"0.5",10,10,65
"1353",60.0000012378869,3,"0.5",10,10,65
"1354",15.3834676859145,1,"1",10,10,65
"1355",54.0242877991893,2,"1",10,10,65
"1356",115.000000955276,3,"1",10,10,65
"1357",55.163455311024,1,"2",10,10,65
"1358",43.5255646552613,2,"2",10,10,65
"1359",51.2939032144817,3,"2",10,10,65
"1360",84.4776456274745,1,"5",10,10,65
"1361",125.984446922665,2,"5",10,10,65
"1362",65.2423878921061,3,"5",10,10,65
"1363",162.359731740634,1,"10",10,10,65
"1364",162.359731740634,2,"10",10,10,65
"1365",153.660996606999,3,"10",10,10,65
"1366",7,1,"0.05",10,10,66
"1367",46,2,"0.05",10,10,66
"1368",73,3,"0.05",10,10,66
"1369",2,1,"0.1",10,10,66
"1370",30,2,"0.1",10,10,66
"1371",90,3,"0.1",10,10,66
"1372",3.00570287910254,1,"0.5",10,10,66
"1373",38.6080022227824,2,"0.5",10,10,66
"1374",17.3490035267697,3,"0.5",10,10,66
"1375",26.4598306817235,1,"1",10,10,66
"1376",57.7721421187932,2,"1",10,10,66
"1377",96.9897093822575,3,"1",10,10,66
"1378",9.916649983635,1,"2",10,10,66
"1379",71.0624191950577,2,"2",10,10,66
"1380",106.562246964465,3,"2",10,10,66
"1381",137.913322512187,1,"5",10,10,66
"1382",103.013586656894,2,"5",10,10,66
"1383",106.300773948025,3,"5",10,10,66
"1384",142.186598261869,1,"10",10,10,66
"1385",169.797871134686,2,"10",10,10,66
"1386",124.733065768197,3,"10",10,10,66
"1387",8,1,"0.05",10,10,67
"1388",33,2,"0.05",10,10,67
"1389",138,3,"0.05",10,10,67
"1390",8,1,"0.1",10,10,67
"1391",118,2,"0.1",10,10,67
"1392",151,3,"0.1",10,10,67
"1393",8.14652696868776,1,"0.5",10,10,67
"1394",123.841797059991,2,"0.5",10,10,67
"1395",138.000000198036,3,"0.5",10,10,67
"1396",12.5931218673906,1,"1",10,10,67
"1397",147.324398388765,2,"1",10,10,67
"1398",111.274568793249,3,"1",10,10,67
"1399",82.6203796062762,1,"2",10,10,67
"1400",64.152820785138,2,"2",10,10,67
"1401",129.943565243775,3,"2",10,10,67
"1402",206.069707321443,1,"5",10,10,67
"1403",215.367568336468,2,"5",10,10,67
"1404",199.322701882207,3,"5",10,10,67
"1405",244.935209187281,1,"10",10,10,67
"1406",254.239171345647,2,"10",10,10,67
"1407",194.078999200976,3,"10",10,10,67
"1408",72,1,"0.05",10,10,68
"1409",104,2,"0.05",10,10,68
"1410",50,3,"0.05",10,10,68
"1411",64,1,"0.1",10,10,68
"1412",78,2,"0.1",10,10,68
"1413",112,3,"0.1",10,10,68
"1414",46.0050875806045,1,"0.5",10,10,68
"1415",64.0110757809443,2,"0.5",10,10,68
"1416",88.0077157529769,3,"0.5",10,10,68
"1417",72.0146427538084,1,"1",10,10,68
"1418",116.274477185287,2,"1",10,10,68
"1419",89.965662621545,3,"1",10,10,68
"1420",47.3287063698366,1,"2",10,10,68
"1421",133.706541258852,2,"2",10,10,68
"1422",121.768571136802,3,"2",10,10,68
"1423",139.68117960689,1,"5",10,10,68
"1424",159.049935212458,2,"5",10,10,68
"1425",114.11485267806,3,"5",10,10,68
"1426",138.432005430844,1,"10",10,10,68
"1427",164.091100547487,2,"10",10,10,68
"1428",130.169666296779,3,"10",10,10,68
"1429",16,1,"0.05",10,10,69
"1430",94,2,"0.05",10,10,69
"1431",66,3,"0.05",10,10,69
"1432",16,1,"0.1",10,10,69
"1433",98,2,"0.1",10,10,69
"1434",157,3,"0.1",10,10,69
"1435",20.0000000306081,1,"0.5",10,10,69
"1436",99.9773762464355,2,"0.5",10,10,69
"1437",105.000335462628,3,"0.5",10,10,69
"1438",16.3861369742188,1,"1",10,10,69
"1439",104.490492616502,2,"1",10,10,69
"1440",15.226950744212,3,"1",10,10,69
"1441",26.9757213534045,1,"2",10,10,69
"1442",126.744706228527,2,"2",10,10,69
"1443",159.054933458234,3,"2",10,10,69
"1444",131.658560143958,1,"5",10,10,69
"1445",175.334630950515,2,"5",10,10,69
"1446",171.279891985674,3,"5",10,10,69
"1447",113.705009368231,1,"10",10,10,69
"1448",198.396085869939,2,"10",10,10,69
"1449",78.8991764833566,3,"10",10,10,69
"1450",45,1,"0.05",10,10,70
"1451",34,2,"0.05",10,10,70
"1452",185,3,"0.05",10,10,70
"1453",48,1,"0.1",10,10,70
"1454",50,2,"0.1",10,10,70
"1455",271,3,"0.1",10,10,70
"1456",49.5934605874422,1,"0.5",10,10,70
"1457",46.7632107193928,2,"0.5",10,10,70
"1458",276,3,"0.5",10,10,70
"1459",43.3917072791278,1,"1",10,10,70
"1460",125.315182585882,2,"1",10,10,70
"1461",276.135335283237,3,"1",10,10,70
"1462",54.0620088909812,1,"2",10,10,70
"1463",182.689595879791,2,"2",10,10,70
"1464",34.8552161134298,3,"2",10,10,70
"1465",254.857758572343,1,"5",10,10,70
"1466",288.636032291969,2,"5",10,10,70
"1467",135.979434390412,3,"5",10,10,70
"1468",286.514334822156,1,"10",10,10,70
"1469",315.268548611829,2,"10",10,10,70
"1470",161.557657879754,3,"10",10,10,70
"1471",35,1,"0.05",10,10,71
"1472",10,2,"0.05",10,10,71
"1473",72,3,"0.05",10,10,71
"1474",19,1,"0.1",10,10,71
"1475",19,2,"0.1",10,10,71
"1476",82,3,"0.1",10,10,71
"1477",36.4123637658901,1,"0.5",10,10,71
"1478",14.6889264164784,2,"0.5",10,10,71
"1479",74.4240341953236,3,"0.5",10,10,71
"1480",28.9389108339269,1,"1",10,10,71
"1481",36.6505804258586,2,"1",10,10,71
"1482",90.2027707016827,3,"1",10,10,71
"1483",48.5776648224371,1,"2",10,10,71
"1484",62.3145522488572,2,"2",10,10,71
"1485",100.034108791275,3,"2",10,10,71
"1486",85.7133915508083,1,"5",10,10,71
"1487",104.692889042226,2,"5",10,10,71
"1488",83.4825717539219,3,"5",10,10,71
"1489",118.469012778542,1,"10",10,10,71
"1490",122.095505083062,2,"10",10,10,71
"1491",59.6976277856903,3,"10",10,10,71
"1492",14,1,"0.05",10,10,72
"1493",14,2,"0.05",10,10,72
"1494",113,3,"0.05",10,10,72
"1495",14,1,"0.1",10,10,72
"1496",15,2,"0.1",10,10,72
"1497",100,3,"0.1",10,10,72
"1498",15.7603121383797,1,"0.5",10,10,72
"1499",15.6293378692394,2,"0.5",10,10,72
"1500",33.8916321711549,3,"0.5",10,10,72
"1501",16.5960348033447,1,"1",10,10,72
"1502",29.3723286312987,2,"1",10,10,72
"1503",60.6929212106318,3,"1",10,10,72
"1504",60.1382623295501,1,"2",10,10,72
"1505",51.7839165386427,2,"2",10,10,72
"1506",55.4036557108663,3,"2",10,10,72
"1507",109.747859312199,1,"5",10,10,72
"1508",143.748855320567,2,"5",10,10,72
"1509",134.073420118399,3,"5",10,10,72
"1510",178.163321592673,1,"10",10,10,72
"1511",166.157949363787,2,"10",10,10,72
"1512",141.724024963459,3,"10",10,10,72
"1513",9,1,"0.05",10,10,73
"1514",20,2,"0.05",10,10,73
"1515",18,3,"0.05",10,10,73
"1516",9,1,"0.1",10,10,73
"1517",31,2,"0.1",10,10,73
"1518",29,3,"0.1",10,10,73
"1519",9.00150578721328,1,"0.5",10,10,73
"1520",17.4975840441535,2,"0.5",10,10,73
"1521",37.0010069505596,3,"0.5",10,10,73
"1522",17.3111601252844,1,"1",10,10,73
"1523",21.8668842766504,2,"1",10,10,73
"1524",23.4171222995689,3,"1",10,10,73
"1525",24.9370970320692,1,"2",10,10,73
"1526",43.0989326696865,2,"2",10,10,73
"1527",39.5070949629168,3,"2",10,10,73
"1528",65.4912870012928,1,"5",10,10,73
"1529",80.3372212668313,2,"5",10,10,73
"1530",53.9815086387014,3,"5",10,10,73
"1531",88.8911798070344,1,"10",10,10,73
"1532",91.273531457687,2,"10",10,10,73
"1533",66.6722882727462,3,"10",10,10,73
"1534",35,1,"0.05",10,10,74
"1535",35,2,"0.05",10,10,74
"1536",47,3,"0.05",10,10,74
"1537",35,1,"0.1",10,10,74
"1538",35,2,"0.1",10,10,74
"1539",145,3,"0.1",10,10,74
"1540",35.0650107955033,1,"0.5",10,10,74
"1541",36.0123577781596,2,"0.5",10,10,74
"1542",102,3,"0.5",10,10,74
"1543",36.4114981927001,1,"1",10,10,74
"1544",45.3405580960359,2,"1",10,10,74
"1545",116.424492942242,3,"1",10,10,74
"1546",83.1256307721409,1,"2",10,10,74
"1547",76.1100198268876,2,"2",10,10,74
"1548",102.182488409807,3,"2",10,10,74
"1549",126.225487116199,1,"5",10,10,74
"1550",189.695295511876,2,"5",10,10,74
"1551",166.412155142925,3,"5",10,10,74
"1552",236.122457696837,1,"10",10,10,74
"1553",243.016253238115,2,"10",10,10,74
"1554",211.680813344946,3,"10",10,10,74
"1555",21,1,"0.05",10,10,75
"1556",31,2,"0.05",10,10,75
"1557",82,3,"0.05",10,10,75
"1558",20,1,"0.1",10,10,75
"1559",22,2,"0.1",10,10,75
"1560",57,3,"0.1",10,10,75
"1561",20.0000014081395,1,"0.5",10,10,75
"1562",22.7816998724995,2,"0.5",10,10,75
"1563",82.5128378888845,3,"0.5",10,10,75
"1564",24.4720059993821,1,"1",10,10,75
"1565",40.4324961938143,2,"1",10,10,75
"1566",74.3508161728835,3,"1",10,10,75
"1567",38.5255244297039,1,"2",10,10,75
"1568",58.7191794783149,2,"2",10,10,75
"1569",109.69196403428,3,"2",10,10,75
"1570",68.3098875068666,1,"5",10,10,75
"1571",107.463307701552,2,"5",10,10,75
"1572",125.277457919533,3,"5",10,10,75
"1573",136.978341999498,1,"10",10,10,75
"1574",145.453953398058,2,"10",10,10,75
"1575",142.065838288825,3,"10",10,10,75
"1576",24,1,"0.05",10,10,76
"1577",36,2,"0.05",10,10,76
"1578",84,3,"0.05",10,10,76
"1579",19,1,"0.1",10,10,76
"1580",25,2,"0.1",10,10,76
"1581",81,3,"0.1",10,10,76
"1582",19.6253021863016,1,"0.5",10,10,76
"1583",25.4062782554722,2,"0.5",10,10,76
"1584",73.1098938333324,3,"0.5",10,10,76
"1585",22.9457625967366,1,"1",10,10,76
"1586",36.1378696627233,2,"1",10,10,76
"1587",76.2072767595638,3,"1",10,10,76
"1588",39.9165498317,1,"2",10,10,76
"1589",63.8812195533893,2,"2",10,10,76
"1590",51.2026083428905,3,"2",10,10,76
"1591",91.1612794092809,1,"5",10,10,76
"1592",98.725985625464,2,"5",10,10,76
"1593",97.7655411335284,3,"5",10,10,76
"1594",124.760650276465,1,"10",10,10,76
"1595",127.547464736925,2,"10",10,10,76
"1596",101.493859622964,3,"10",10,10,76
"1597",68,1,"0.05",10,10,77
"1598",80,2,"0.05",10,10,77
"1599",106,3,"0.05",10,10,77
"1600",73,1,"0.1",10,10,77
"1601",74,2,"0.1",10,10,77
"1602",117,3,"0.1",10,10,77
"1603",67.3865622971174,1,"0.5",10,10,77
"1604",109.353353745014,2,"0.5",10,10,77
"1605",113.813353671771,3,"0.5",10,10,77
"1606",90.2770208715532,1,"1",10,10,77
"1607",88.7506934340606,2,"1",10,10,77
"1608",113.834693264859,3,"1",10,10,77
"1609",108.336414958667,1,"2",10,10,77
"1610",133.047887430506,2,"2",10,10,77
"1611",124.181239616386,3,"2",10,10,77
"1612",168.558431089785,1,"5",10,10,77
"1613",183.084726293403,2,"5",10,10,77
"1614",162.152646987385,3,"5",10,10,77
"1615",193.628319937778,1,"10",10,10,77
"1616",194.052118799991,2,"10",10,10,77
"1617",175.798053888672,3,"10",10,10,77
"1618",15,1,"0.05",10,10,78
"1619",52,2,"0.05",10,10,78
"1620",55,3,"0.05",10,10,78
"1621",28,1,"0.1",10,10,78
"1622",31,2,"0.1",10,10,78
"1623",55,3,"0.1",10,10,78
"1624",15.0194506371328,1,"0.5",10,10,78
"1625",36.3490447024603,2,"0.5",10,10,78
"1626",47.0183156388887,3,"0.5",10,10,78
"1627",18.5910888842734,1,"1",10,10,78
"1628",61.8571351311198,2,"1",10,10,78
"1629",66.7368938806861,3,"1",10,10,78
"1630",87.4075701967603,1,"2",10,10,78
"1631",101.533110155151,2,"2",10,10,78
"1632",80.9513465127757,3,"2",10,10,78
"1633",100.942525531645,1,"5",10,10,78
"1634",135.823265706199,2,"5",10,10,78
"1635",117.441058426014,3,"5",10,10,78
"1636",150.560612615505,1,"10",10,10,78
"1637",162.143736220852,2,"10",10,10,78
"1638",137.040125831144,3,"10",10,10,78
"1639",41,1,"0.05",10,10,79
"1640",41,2,"0.05",10,10,79
"1641",136,3,"0.05",10,10,79
"1642",41,1,"0.1",10,10,79
"1643",61,2,"0.1",10,10,79
"1644",127,3,"0.1",10,10,79
"1645",54.403921845183,1,"0.5",10,10,79
"1646",52.3113661660197,2,"0.5",10,10,79
"1647",68.0003357063076,3,"0.5",10,10,79
"1648",43.5966642269983,1,"1",10,10,79
"1649",73.7952585012868,2,"1",10,10,79
"1650",136.135335283306,3,"1",10,10,79
"1651",90.9414209294397,1,"2",10,10,79
"1652",100.967345420751,2,"2",10,10,79
"1653",139.731386062679,3,"2",10,10,79
"1654",166.196187123486,1,"5",10,10,79
"1655",166.196187123486,2,"5",10,10,79
"1656",149.626045440876,3,"5",10,10,79
"1657",177.232315326281,1,"10",10,10,79
"1658",199.220863727754,2,"10",10,10,79
"1659",172.504462797108,3,"10",10,10,79
"1660",84,1,"0.05",10,10,80
"1661",160,2,"0.05",10,10,80
"1662",212,3,"0.05",10,10,80
"1663",10,1,"0.1",10,10,80
"1664",204,2,"0.1",10,10,80
"1665",232,3,"0.1",10,10,80
"1666",14.7370073767558,1,"0.5",10,10,80
"1667",233.398112143859,2,"0.5",10,10,80
"1668",197.75505055217,3,"0.5",10,10,80
"1669",35.7428810382934,1,"1",10,10,80
"1670",247.412139949377,2,"1",10,10,80
"1671",235.030453296679,3,"1",10,10,80
"1672",110.702054969976,1,"2",10,10,80
"1673",207.121802710165,2,"2",10,10,80
"1674",243.943365246952,3,"2",10,10,80
"1675",244.306949741455,1,"5",10,10,80
"1676",263.625850367589,2,"5",10,10,80
"1677",145.307879813492,3,"5",10,10,80
"1678",297.265264132841,1,"10",10,10,80
"1679",302.423853855768,2,"10",10,10,80
"1680",296.766529738642,3,"10",10,10,80
"1681",75,1,"0.05",10,10,81
"1682",75,2,"0.05",10,10,81
"1683",139,3,"0.05",10,10,81
"1684",75,1,"0.1",10,10,81
"1685",75,2,"0.1",10,10,81
"1686",139,3,"0.1",10,10,81
"1687",77.1653645318573,1,"0.5",10,10,81
"1688",111.036631704227,2,"0.5",10,10,81
"1689",139.037302990779,3,"0.5",10,10,81
"1690",80.886174404959,1,"1",10,10,81
"1691",103.824902571824,2,"1",10,10,81
"1692",81.8448079042642,3,"1",10,10,81
"1693",129.667170650063,1,"2",10,10,81
"1694",113.647034450828,2,"2",10,10,81
"1695",143.520125888887,3,"2",10,10,81
"1696",116.330890117578,1,"5",10,10,81
"1697",135.831624798097,2,"5",10,10,81
"1698",150.935065312722,3,"5",10,10,81
"1699",165.389994330113,1,"10",10,10,81
"1700",173.580203639924,2,"10",10,10,81
"1701",98.4756518769377,3,"10",10,10,81
"1702",21,1,"0.05",10,10,82
"1703",31,2,"0.05",10,10,82
"1704",84,3,"0.05",10,10,82
"1705",21,1,"0.1",10,10,82
"1706",16,2,"0.1",10,10,82
"1707",88,3,"0.1",10,10,82
"1708",16.9477114352113,1,"0.5",10,10,82
"1709",30.0000010051787,2,"0.5",10,10,82
"1710",86,3,"0.5",10,10,82
"1711",25.7432163338674,1,"1",10,10,82
"1712",30.3127134729786,2,"1",10,10,82
"1713",20.0333282428461,3,"1",10,10,82
"1714",52.1186907897361,1,"2",10,10,82
"1715",55.7708231172752,2,"2",10,10,82
"1716",110.970787516558,3,"2",10,10,82
"1717",126.98775852725,1,"5",10,10,82
"1718",137.693062783082,2,"5",10,10,82
"1719",82.3669547757424,3,"5",10,10,82
"1720",180.680459976783,1,"10",10,10,82
"1721",180.680459976783,2,"10",10,10,82
"1722",130.047053229923,3,"10",10,10,82
"1723",18,1,"0.05",10,10,83
"1724",25,2,"0.05",10,10,83
"1725",56,3,"0.05",10,10,83
"1726",17,1,"0.1",10,10,83
"1727",31,2,"0.1",10,10,83
"1728",29,3,"0.1",10,10,83
"1729",13.541341132972,1,"0.5",10,10,83
"1730",22.5124004688406,2,"0.5",10,10,83
"1731",47.00000003046,3,"0.5",10,10,83
"1732",15.4550144630435,1,"1",10,10,83
"1733",34.7161725337773,2,"1",10,10,83
"1734",33.42174111118,3,"1",10,10,83
"1735",31.0349038919709,1,"2",10,10,83
"1736",62.5894445838981,2,"2",10,10,83
"1737",39.8578969569572,3,"2",10,10,83
"1738",79.8701064647936,1,"5",10,10,83
"1739",89.5869077284953,2,"5",10,10,83
"1740",76.2766176921024,3,"5",10,10,83
"1741",89.8502750501229,1,"10",10,10,83
"1742",104.209677468721,2,"10",10,10,83
"1743",83.2683285959038,3,"10",10,10,83
"1744",15,1,"0.05",10,10,84
"1745",18,2,"0.05",10,10,84
"1746",21,3,"0.05",10,10,84
"1747",42,1,"0.1",10,10,84
"1748",15,2,"0.1",10,10,84
"1749",3,3,"0.1",10,10,84
"1750",45.3988800386944,1,"0.5",10,10,84
"1751",42.6950828549313,2,"0.5",10,10,84
"1752",97.0010065004189,3,"0.5",10,10,84
"1753",24.4762414337886,1,"1",10,10,84
"1754",17.314020914706,2,"1",10,10,84
"1755",94.2332796748358,3,"1",10,10,84
"1756",55.5702812195346,1,"2",10,10,84
"1757",73.1676654359556,2,"2",10,10,84
"1758",92.0808833845954,3,"2",10,10,84
"1759",151.380463583885,1,"5",10,10,84
"1760",185.258708732149,2,"5",10,10,84
"1761",116.101806235293,3,"5",10,10,84
"1762",202.206403460864,1,"10",10,10,84
"1763",200.792668628395,2,"10",10,10,84
"1764",187.8713659907,3,"10",10,10,84
"1765",18,1,"0.05",10,10,85
"1766",23,2,"0.05",10,10,85
"1767",49,3,"0.05",10,10,85
"1768",18,1,"0.1",10,10,85
"1769",24,2,"0.1",10,10,85
"1770",49,3,"0.1",10,10,85
"1771",18.2102776363307,1,"0.5",10,10,85
"1772",18.1497601763028,2,"0.5",10,10,85
"1773",49.0000001979897,3,"0.5",10,10,85
"1774",22.8253032296396,1,"1",10,10,85
"1775",28.8124647682257,2,"1",10,10,85
"1776",65.0008638686286,3,"1",10,10,85
"1777",38.8662187860603,1,"2",10,10,85
"1778",40.4542459310025,2,"2",10,10,85
"1779",46.2598488701893,3,"2",10,10,85
"1780",76.7785698860591,1,"5",10,10,85
"1781",89.5791669850334,2,"5",10,10,85
"1782",67.0444088054745,3,"5",10,10,85
"1783",101.51072655134,1,"10",10,10,85
"1784",108.281639703689,2,"10",10,10,85
"1785",92.1771876596386,3,"10",10,10,85
"1786",10,1,"0.05",10,10,86
"1787",45,2,"0.05",10,10,86
"1788",56,3,"0.05",10,10,86
"1789",12,1,"0.1",10,10,86
"1790",48,2,"0.1",10,10,86
"1791",56,3,"0.1",10,10,86
"1792",10.4762075113991,1,"0.5",10,10,86
"1793",35.0003388386831,2,"0.5",10,10,86
"1794",61.0000000913799,3,"0.5",10,10,86
"1795",20.4714164837405,1,"1",10,10,86
"1796",32.5052430583135,2,"1",10,10,86
"1797",51.5688787367279,3,"1",10,10,86
"1798",57.2805936121842,1,"2",10,10,86
"1799",72.438798884773,2,"2",10,10,86
"1800",76.1971970248311,3,"2",10,10,86
"1801",98.4444189116258,1,"5",10,10,86
"1802",114.896098058136,2,"5",10,10,86
"1803",75.0032294980123,3,"5",10,10,86
"1804",124.423250663323,1,"10",10,10,86
"1805",133.198859900362,2,"10",10,10,86
"1806",104.359228174575,3,"10",10,10,86
"1807",25,1,"0.05",10,10,87
"1808",31,2,"0.05",10,10,87
"1809",36,3,"0.05",10,10,87
"1810",25,1,"0.1",10,10,87
"1811",8,2,"0.1",10,10,87
"1812",42,3,"0.1",10,10,87
"1813",25.2635461059003,1,"0.5",10,10,87
"1814",35.0183192400143,2,"0.5",10,10,87
"1815",49.1098942834731,3,"0.5",10,10,87
"1816",34.8761622293302,1,"1",10,10,87
"1817",52.571124733747,2,"1",10,10,87
"1818",33.6406194168184,3,"1",10,10,87
"1819",31.8888247858317,1,"2",10,10,87
"1820",85.6809842633622,2,"2",10,10,87
"1821",67.5194105724674,3,"2",10,10,87
"1822",84.5509155743453,1,"5",10,10,87
"1823",115.597848151462,2,"5",10,10,87
"1824",108.211016776163,3,"5",10,10,87
"1825",127.647044958168,1,"10",10,10,87
"1826",139.341761771392,2,"10",10,10,87
"1827",83.559730255699,3,"10",10,10,87
"1828",14,1,"0.05",10,10,88
"1829",18,2,"0.05",10,10,88
"1830",75,3,"0.05",10,10,88
"1831",14,1,"0.1",10,10,88
"1832",15,2,"0.1",10,10,88
"1833",74,3,"0.1",10,10,88
"1834",14.0013426264736,1,"0.5",10,10,88
"1835",82.4561208546831,2,"0.5",10,10,88
"1836",135.307301844251,3,"0.5",10,10,88
"1837",17.8403788400929,1,"1",10,10,88
"1838",22.096172992219,2,"1",10,10,88
"1839",68.5809407758267,3,"1",10,10,88
"1840",42.390354363722,1,"2",10,10,88
"1841",59.143733219344,2,"2",10,10,88
"1842",80.2857764526988,3,"2",10,10,88
"1843",93.3092907844151,1,"5",10,10,88
"1844",135.260204398436,2,"5",10,10,88
"1845",152.600984455918,3,"5",10,10,88
"1846",155.713510392513,1,"10",10,10,88
"1847",168.746136686894,2,"10",10,10,88
"1848",161.875877556206,3,"10",10,10,88
"1849",20,1,"0.05",10,10,89
"1850",46,2,"0.05",10,10,89
"1851",64,3,"0.05",10,10,89
"1852",22,1,"0.1",10,10,89
"1853",47,2,"0.1",10,10,89
"1854",104,3,"0.1",10,10,89
"1855",11.00317820637,1,"0.5",10,10,89
"1856",56.9890444999916,2,"0.5",10,10,89
"1857",100.183156388887,3,"0.5",10,10,89
"1858",41.4215649593355,1,"1",10,10,89
"1859",92.996464572976,2,"1",10,10,89
"1860",49.8849354511068,3,"1",10,10,89
"1861",133.33812843344,1,"2",10,10,89
"1862",133.33812843344,2,"2",10,10,89
"1863",97.7559470742328,3,"2",10,10,89
"1864",146.885855741366,1,"5",10,10,89
"1865",157.363985635477,2,"5",10,10,89
"1866",114.719397907826,3,"5",10,10,89
"1867",175.565622611325,1,"10",10,10,89
"1868",205.684130998173,2,"10",10,10,89
"1869",141.060328013543,3,"10",10,10,89
"1870",21,1,"0.05",10,10,90
"1871",27,2,"0.05",10,10,90
"1872",39,3,"0.05",10,10,90
"1873",20,1,"0.1",10,10,90
"1874",30,2,"0.1",10,10,90
"1875",50,3,"0.1",10,10,90
"1876",24.2645952009905,1,"0.5",10,10,90
"1877",22.1721487090124,2,"0.5",10,10,90
"1878",62.2710060291216,3,"0.5",10,10,90
"1879",43.5436839205917,1,"1",10,10,90
"1880",47.4807862966873,2,"1",10,10,90
"1881",63.3484375958468,3,"1",10,10,90
"1882",64.7378134209604,1,"2",10,10,90
"1883",64.2505107160301,2,"2",10,10,90
"1884",55.7811233207229,3,"2",10,10,90
"1885",74.4585830521225,1,"5",10,10,90
"1886",89.7312328979898,2,"5",10,10,90
"1887",53.6698315535665,3,"5",10,10,90
"1888",85.3197112888854,1,"10",10,10,90
"1889",99.0673968992522,2,"10",10,10,90
"1890",76.5721628250749,3,"10",10,10,90
"1891",61,1,"0.05",10,10,91
"1892",67,2,"0.05",10,10,91
"1893",48,3,"0.05",10,10,91
"1894",34,1,"0.1",10,10,91
"1895",51,2,"0.1",10,10,91
"1896",109,3,"0.1",10,10,91
"1897",37.9241994320797,1,"0.5",10,10,91
"1898",79.5721284932089,2,"0.5",10,10,91
"1899",101.106064146401,3,"0.5",10,10,91
"1900",65.9802913233987,1,"1",10,10,91
"1901",120.406150366222,2,"1",10,10,91
"1902",64.7213374284295,3,"1",10,10,91
"1903",68.941422062591,1,"2",10,10,91
"1904",161.71019428913,2,"2",10,10,91
"1905",130.945888112737,3,"2",10,10,91
"1906",160.416348888339,1,"5",10,10,91
"1907",188.432179894678,2,"5",10,10,91
"1908",137.849539682998,3,"5",10,10,91
"1909",200.531345370172,1,"10",10,10,91
"1910",207.562081927084,2,"10",10,10,91
"1911",151.856507496222,3,"10",10,10,91
"1912",13,1,"0.05",10,10,92
"1913",14,2,"0.05",10,10,92
"1914",79,3,"0.05",10,10,92
"1915",12,1,"0.1",10,10,92
"1916",17,2,"0.1",10,10,92
"1917",43,3,"0.1",10,10,92
"1918",14.5767055964123,1,"0.5",10,10,92
"1919",40.0000002589097,2,"0.5",10,10,92
"1920",57.0666605263267,3,"0.5",10,10,92
"1921",25.3426629494763,1,"1",10,10,92
"1922",41.2239356733343,2,"1",10,10,92
"1923",3.57867191360616,3,"1",10,10,92
"1924",49.5562024205528,1,"2",10,10,92
"1925",52.4817304360894,2,"2",10,10,92
"1926",71.898982139436,3,"2",10,10,92
"1927",119.864890680937,1,"5",10,10,92
"1928",122.808865555664,2,"5",10,10,92
"1929",104.598722000382,3,"5",10,10,92
"1930",139.711205333881,1,"10",10,10,92
"1931",144.242331359024,2,"10",10,10,92
"1932",130.132288572361,3,"10",10,10,92
"1933",66,1,"0.05",10,10,93
"1934",56,2,"0.05",10,10,93
"1935",70,3,"0.05",10,10,93
"1936",66,1,"0.1",10,10,93
"1937",57,2,"0.1",10,10,93
"1938",78,3,"0.1",10,10,93
"1939",68.0028300363378,1,"0.5",10,10,93
"1940",73.0989870502536,2,"0.5",10,10,93
"1941",86.0006710014057,3,"0.5",10,10,93
"1942",69.580716672534,1,"1",10,10,93
"1943",85.9388428087858,2,"1",10,10,93
"1944",83.018408805218,3,"1",10,10,93
"1945",103.418262259495,1,"2",10,10,93
"1946",112.716563324808,2,"2",10,10,93
"1947",93.3103554839225,3,"2",10,10,93
"1948",153.407556971483,1,"5",10,10,93
"1949",160.256574445808,2,"5",10,10,93
"1950",131.49856052124,3,"5",10,10,93
"1951",175.461597459478,1,"10",10,10,93
"1952",175.490318981264,2,"10",10,10,93
"1953",140.559547751396,3,"10",10,10,93
"1954",29,1,"0.05",10,10,94
"1955",99,2,"0.05",10,10,94
"1956",3,3,"0.05",10,10,94
"1957",10,1,"0.1",10,10,94
"1958",11,2,"0.1",10,10,94
"1959",105,3,"0.1",10,10,94
"1960",13.6812674783737,1,"0.5",10,10,94
"1961",13.5713706189329,2,"0.5",10,10,94
"1962",90.0207995832114,3,"0.5",10,10,94
"1963",26.5245353840464,1,"1",10,10,94
"1964",21.2769792048288,2,"1",10,10,94
"1965",99.8290341575743,3,"1",10,10,94
"1966",49.5466147075942,1,"2",10,10,94
"1967",74.4575340795638,2,"2",10,10,94
"1968",38.2588186567966,3,"2",10,10,94
"1969",172.741379126984,1,"5",10,10,94
"1970",198.354214891684,2,"5",10,10,94
"1971",135.362877353485,3,"5",10,10,94
"1972",241.425920918887,1,"10",10,10,94
"1973",248.116359530967,2,"10",10,10,94
"1974",248.116359530967,3,"10",10,10,94
"1975",26,1,"0.05",10,10,95
"1976",23,2,"0.05",10,10,95
"1977",47,3,"0.05",10,10,95
"1978",26,1,"0.1",10,10,95
"1979",6,2,"0.1",10,10,95
"1980",51,3,"0.1",10,10,95
"1981",30.617153549337,1,"0.5",10,10,95
"1982",25.9956931081038,2,"0.5",10,10,95
"1983",52.6240233988395,3,"0.5",10,10,95
"1984",58.2544197227088,1,"1",10,10,95
"1985",57.7829928510491,2,"1",10,10,95
"1986",84.0967917717269,3,"1",10,10,95
"1987",87.795864076289,1,"2",10,10,95
"1988",63.945486496874,2,"2",10,10,95
"1989",80.5683293179255,3,"2",10,10,95
"1990",102.976775871955,1,"5",10,10,95
"1991",142.918884826787,2,"5",10,10,95
"1992",129.315186816482,3,"5",10,10,95
"1993",156.299991414787,1,"10",10,10,95
"1994",158.518821467877,2,"10",10,10,95
"1995",127.702687081262,3,"10",10,10,95
"1996",12,1,"0.05",10,10,96
"1997",45,2,"0.05",10,10,96
"1998",99,3,"0.05",10,10,96
"1999",12,1,"0.1",10,10,96
"2000",45,2,"0.1",10,10,96
"2001",144,3,"0.1",10,10,96
"2002",15.9288168237643,1,"0.5",10,10,96
"2003",48.0732625658607,2,"0.5",10,10,96
"2004",188,3,"0.5",10,10,96
"2005",35.6647683038439,1,"1",10,10,96
"2006",110.785308924212,2,"1",10,10,96
"2007",144.000000000014,3,"1",10,10,96
"2008",80.0396169609449,1,"2",10,10,96
"2009",82.0994838251859,2,"2",10,10,96
"2010",99.0238054325201,3,"2",10,10,96
"2011",150.653055108883,1,"5",10,10,96
"2012",178.832951884024,2,"5",10,10,96
"2013",194.970263313598,3,"5",10,10,96
"2014",234.094207350963,1,"10",10,10,96
"2015",235.625986421291,2,"10",10,10,96
"2016",154.106136268622,3,"10",10,10,96
"2017",11,1,"0.05",10,10,97
"2018",45,2,"0.05",10,10,97
"2019",90,3,"0.05",10,10,97
"2020",11,1,"0.1",10,10,97
"2021",14,2,"0.1",10,10,97
"2022",126,3,"0.1",10,10,97
"2023",11.2707169469606,1,"0.5",10,10,97
"2024",46.3833825225847,2,"0.5",10,10,97
"2025",100,3,"0.5",10,10,97
"2026",20.973376518162,1,"1",10,10,97
"2027",21.0799036210626,2,"1",10,10,97
"2028",135.196986151126,3,"1",10,10,97
"2029",65.774325295841,1,"2",10,10,97
"2030",65.1780418161528,2,"2",10,10,97
"2031",105.641525953967,3,"2",10,10,97
"2032",145.456178522142,1,"5",10,10,97
"2033",141.494034203619,2,"5",10,10,97
"2034",112.275990949062,3,"5",10,10,97
"2035",186.964375397185,1,"10",10,10,97
"2036",190.859853661674,2,"10",10,10,97
"2037",184.670181331838,3,"10",10,10,97
"2038",18,1,"0.05",10,10,98
"2039",35,2,"0.05",10,10,98
"2040",44,3,"0.05",10,10,98
"2041",18,1,"0.1",10,10,98
"2042",35,2,"0.1",10,10,98
"2043",142,3,"0.1",10,10,98
"2044",20.3047258168104,1,"0.5",10,10,98
"2045",72.0213371658398,2,"0.5",10,10,98
"2046",62.2108917381397,3,"0.5",10,10,98
"2047",36.8468150208563,1,"1",10,10,98
"2048",139.587867784976,2,"1",10,10,98
"2049",136.248433360332,3,"1",10,10,98
"2050",53.8503743715268,1,"2",10,10,98
"2051",159.866053381531,2,"2",10,10,98
"2052",131.091830698415,3,"2",10,10,98
"2053",169.159316649164,1,"5",10,10,98
"2054",206.943834929601,2,"5",10,10,98
"2055",77.2239428089041,3,"5",10,10,98
"2056",243.26541618152,1,"10",10,10,98
"2057",255.929545065002,2,"10",10,10,98
"2058",201.609783265383,3,"10",10,10,98
"2059",19,1,"0.05",10,10,99
"2060",47,2,"0.05",10,10,99
"2061",38,3,"0.05",10,10,99
"2062",22,1,"0.1",10,10,99
"2063",47,2,"0.1",10,10,99
"2064",182,3,"0.1",10,10,99
"2065",27.6562953246244,1,"0.5",10,10,99
"2066",22.0057032911138,2,"0.5",10,10,99
"2067",20.000181599719,3,"0.5",10,10,99
"2068",91.1400689158297,1,"1",10,10,99
"2069",121.476496071569,2,"1",10,10,99
"2070",184.189129366915,3,"1",10,10,99
"2071",174.746249871931,1,"2",10,10,99
"2072",92.9481238641257,2,"2",10,10,99
"2073",195.833918004376,3,"2",10,10,99
"2074",201.098145388962,1,"5",10,10,99
"2075",266.143870268887,2,"5",10,10,99
"2076",222.306102866569,3,"5",10,10,99
"2077",286.835501850106,1,"10",10,10,99
"2078",302.335137008311,2,"10",10,10,99
"2079",258.986958821051,3,"10",10,10,99
"2080",24,1,"0.05",10,10,100
"2081",24,2,"0.05",10,10,100
"2082",80,3,"0.05",10,10,100
"2083",23,1,"0.1",10,10,100
"2084",23,2,"0.1",10,10,100
"2085",45,3,"0.1",10,10,100
"2086",23.0739908676977,1,"0.5",10,10,100
"2087",24.6728286370241,2,"0.5",10,10,100
"2088",77.0030210767491,3,"0.5",10,10,100
"2089",29.2488620510865,1,"1",10,10,100
"2090",33.7124984707446,2,"1",10,10,100
"2091",52.4889645734982,3,"1",10,10,100
"2092",74.9481347057725,1,"2",10,10,100
"2093",90.7378344655639,2,"2",10,10,100
"2094",51.7330575938557,3,"2",10,10,100
"2095",107.238478164206,1,"5",10,10,100
"2096",139.8710716389,2,"5",10,10,100
"2097",120.975618330402,3,"5",10,10,100
"2098",163.807531224088,1,"10",10,10,100
"2099",163.240935867593,2,"10",10,10,100
"2100",124.017678072193,3,"10",10,10,100
